"id","name","xp_reward","type","hp","atk","def","spatk","spdef","spd"
1,"bulbasaur",64,"grass",45.0,49.0,49.0,65.0,65.0,45.0
2,"ivysaur",142,"grass",60.0,62.0,63.0,80.0,80.0,60.0
3,"venusaur",263,"grass",80.0,82.0,83.0,100.0,100.0,80.0
4,"charmander",62,"fire",39.0,52.0,43.0,60.0,50.0,65.0
5,"charmeleon",142,"fire",58.0,64.0,58.0,80.0,65.0,80.0
6,"charizard",267,"fire",78.0,84.0,78.0,109.0,85.0,100.0
7,"squirtle",63,"water",44.0,48.0,65.0,50.0,64.0,43.0
8,"wartortle",142,"water",59.0,63.0,80.0,65.0,80.0,58.0
9,"blastoise",265,"water",79.0,83.0,100.0,85.0,105.0,78.0
10,"caterpie",39,"bug",45.0,30.0,35.0,20.0,20.0,45.0
11,"metapod",72,"bug",50.0,20.0,55.0,25.0,25.0,30.0
12,"butterfree",198,"bug",60.0,45.0,50.0,90.0,80.0,70.0
13,"weedle",39,"bug",40.0,35.0,30.0,20.0,20.0,50.0
14,"kakuna",72,"bug",45.0,25.0,50.0,25.0,25.0,35.0
15,"beedrill",178,"bug",65.0,90.0,40.0,45.0,80.0,75.0
16,"pidgey",50,"normal",40.0,45.0,40.0,35.0,35.0,56.0
17,"pidgeotto",122,"normal",63.0,60.0,55.0,50.0,50.0,71.0
18,"pidgeot",216,"normal",83.0,80.0,75.0,70.0,70.0,101.0
19,"rattata",51,"normal",30.0,56.0,35.0,25.0,35.0,72.0
20,"raticate",145,"normal",55.0,81.0,60.0,50.0,70.0,97.0
21,"spearow",52,"normal",40.0,60.0,30.0,31.0,31.0,70.0
22,"fearow",155,"normal",65.0,90.0,65.0,61.0,61.0,100.0
23,"ekans",58,"poison",35.0,60.0,44.0,40.0,54.0,55.0
24,"arbok",157,"poison",60.0,95.0,69.0,65.0,79.0,80.0
25,"pikachu",112,"electric",35.0,55.0,40.0,50.0,50.0,90.0
26,"raichu",243,"electric",60.0,90.0,55.0,90.0,80.0,110.0
27,"sandshrew",60,"ground",50.0,75.0,85.0,20.0,30.0,40.0
28,"sandslash",158,"ground",75.0,100.0,110.0,45.0,55.0,65.0
29,"nidoran-f",55,"poison",55.0,47.0,52.0,40.0,40.0,41.0
30,"nidorina",128,"poison",70.0,62.0,67.0,55.0,55.0,56.0
31,"nidoqueen",253,"poison",90.0,92.0,87.0,75.0,85.0,76.0
32,"nidoran-m",55,"poison",46.0,57.0,40.0,40.0,40.0,50.0
33,"nidorino",128,"poison",61.0,72.0,57.0,55.0,55.0,65.0
34,"nidoking",253,"poison",81.0,102.0,77.0,85.0,75.0,85.0
35,"clefairy",113,"fairy",70.0,45.0,48.0,60.0,65.0,35.0
36,"clefable",242,"fairy",95.0,70.0,73.0,95.0,90.0,60.0
37,"vulpix",60,"fire",38.0,41.0,40.0,50.0,65.0,65.0
38,"ninetales",177,"fire",73.0,76.0,75.0,81.0,100.0,100.0
39,"jigglypuff",95,"normal",115.0,45.0,20.0,45.0,25.0,20.0
40,"wigglytuff",218,"normal",140.0,70.0,45.0,85.0,50.0,45.0
41,"zubat",49,"poison",40.0,45.0,35.0,30.0,40.0,55.0
42,"golbat",159,"poison",75.0,80.0,70.0,65.0,75.0,90.0
43,"oddish",64,"grass",45.0,50.0,55.0,75.0,65.0,30.0
44,"gloom",138,"grass",60.0,65.0,70.0,85.0,75.0,40.0
45,"vileplume",245,"grass",75.0,80.0,85.0,110.0,90.0,50.0
46,"paras",57,"bug",35.0,70.0,55.0,45.0,55.0,25.0
47,"parasect",142,"bug",60.0,95.0,80.0,60.0,80.0,30.0
48,"venonat",61,"bug",60.0,55.0,50.0,40.0,55.0,45.0
49,"venomoth",158,"bug",70.0,65.0,60.0,90.0,75.0,90.0
50,"diglett",53,"ground",10.0,55.0,25.0,35.0,45.0,95.0
51,"dugtrio",149,"ground",35.0,100.0,50.0,50.0,70.0,120.0
52,"meowth",58,"normal",40.0,45.0,35.0,40.0,40.0,90.0
53,"persian",154,"normal",65.0,70.0,60.0,65.0,65.0,115.0
54,"psyduck",64,"water",50.0,52.0,48.0,65.0,50.0,55.0
55,"golduck",175,"water",80.0,82.0,78.0,95.0,80.0,85.0
56,"mankey",61,"fighting",40.0,80.0,35.0,35.0,45.0,70.0
57,"primeape",159,"fighting",65.0,105.0,60.0,60.0,70.0,95.0
58,"growlithe",70,"fire",55.0,70.0,45.0,70.0,50.0,60.0
59,"arcanine",194,"fire",90.0,110.0,80.0,100.0,80.0,95.0
60,"poliwag",60,"water",40.0,50.0,40.0,40.0,40.0,90.0
61,"poliwhirl",135,"water",65.0,65.0,65.0,50.0,50.0,90.0
62,"poliwrath",255,"water",90.0,95.0,95.0,70.0,90.0,70.0
63,"abra",62,"psychic",25.0,20.0,15.0,105.0,55.0,90.0
64,"kadabra",140,"psychic",40.0,35.0,30.0,120.0,70.0,105.0
65,"alakazam",250,"psychic",55.0,50.0,45.0,135.0,95.0,120.0
66,"machop",61,"fighting",70.0,80.0,50.0,35.0,35.0,35.0
67,"machoke",142,"fighting",80.0,100.0,70.0,50.0,60.0,45.0
68,"machamp",253,"fighting",90.0,130.0,80.0,65.0,85.0,55.0
69,"bellsprout",60,"grass",50.0,75.0,35.0,70.0,30.0,40.0
70,"weepinbell",137,"grass",65.0,90.0,50.0,85.0,45.0,55.0
71,"victreebel",221,"grass",80.0,105.0,65.0,100.0,70.0,70.0
72,"tentacool",67,"water",40.0,40.0,35.0,50.0,100.0,70.0
73,"tentacruel",180,"water",80.0,70.0,65.0,80.0,120.0,100.0
74,"geodude",60,"rock",40.0,80.0,100.0,30.0,30.0,20.0
75,"graveler",137,"rock",55.0,95.0,115.0,45.0,45.0,35.0
76,"golem",223,"rock",80.0,120.0,130.0,55.0,65.0,45.0
77,"ponyta",82,"fire",50.0,85.0,55.0,65.0,65.0,90.0
78,"rapidash",175,"fire",65.0,100.0,70.0,80.0,80.0,105.0
79,"slowpoke",63,"water",90.0,65.0,65.0,40.0,40.0,15.0
80,"slowbro",172,"water",95.0,75.0,110.0,100.0,80.0,30.0
81,"magnemite",65,"electric",25.0,35.0,70.0,95.0,55.0,45.0
82,"magneton",163,"electric",50.0,60.0,95.0,120.0,70.0,70.0
83,"farfetchd",132,"normal",52.0,90.0,55.0,58.0,62.0,60.0
84,"doduo",62,"normal",35.0,85.0,45.0,35.0,35.0,75.0
85,"dodrio",165,"normal",60.0,110.0,70.0,60.0,60.0,110.0
86,"seel",65,"water",65.0,45.0,55.0,45.0,70.0,45.0
87,"dewgong",166,"water",90.0,70.0,80.0,70.0,95.0,70.0
88,"grimer",65,"poison",80.0,80.0,50.0,40.0,50.0,25.0
89,"muk",175,"poison",105.0,105.0,75.0,65.0,100.0,50.0
90,"shellder",61,"water",30.0,65.0,100.0,45.0,25.0,40.0
91,"cloyster",184,"water",50.0,95.0,180.0,85.0,45.0,70.0
92,"gastly",62,"ghost",30.0,35.0,30.0,100.0,35.0,80.0
93,"haunter",142,"ghost",45.0,50.0,45.0,115.0,55.0,95.0
94,"gengar",250,"ghost",60.0,65.0,60.0,130.0,75.0,110.0
95,"onix",77,"rock",35.0,45.0,160.0,30.0,45.0,70.0
96,"drowzee",66,"psychic",60.0,48.0,45.0,43.0,90.0,42.0
97,"hypno",169,"psychic",85.0,73.0,70.0,73.0,115.0,67.0
98,"krabby",65,"water",30.0,105.0,90.0,25.0,25.0,50.0
99,"kingler",166,"water",55.0,130.0,115.0,50.0,50.0,75.0
100,"voltorb",66,"electric",40.0,30.0,50.0,55.0,55.0,100.0
101,"electrode",172,"electric",60.0,50.0,70.0,80.0,80.0,150.0
102,"exeggcute",65,"grass",60.0,40.0,80.0,60.0,45.0,40.0
103,"exeggutor",186,"grass",95.0,95.0,85.0,125.0,75.0,55.0
104,"cubone",64,"ground",50.0,50.0,95.0,40.0,50.0,35.0
105,"marowak",149,"ground",60.0,80.0,110.0,50.0,80.0,45.0
106,"hitmonlee",159,"fighting",50.0,120.0,53.0,35.0,110.0,87.0
107,"hitmonchan",159,"fighting",50.0,105.0,79.0,35.0,110.0,76.0
108,"lickitung",77,"normal",90.0,55.0,75.0,60.0,75.0,30.0
109,"koffing",68,"poison",40.0,65.0,95.0,60.0,45.0,35.0
110,"weezing",172,"poison",65.0,90.0,120.0,85.0,70.0,60.0
111,"rhyhorn",69,"ground",80.0,85.0,95.0,30.0,30.0,25.0
112,"rhydon",170,"ground",105.0,130.0,120.0,45.0,45.0,40.0
113,"chansey",395,"normal",250.0,5.0,5.0,35.0,105.0,50.0
114,"tangela",87,"grass",65.0,55.0,115.0,100.0,40.0,60.0
115,"kangaskhan",172,"normal",105.0,95.0,80.0,40.0,80.0,90.0
116,"horsea",59,"water",30.0,40.0,70.0,70.0,25.0,60.0
117,"seadra",154,"water",55.0,65.0,95.0,95.0,45.0,85.0
118,"goldeen",64,"water",45.0,67.0,60.0,35.0,50.0,63.0
119,"seaking",158,"water",80.0,92.0,65.0,65.0,80.0,68.0
120,"staryu",68,"water",30.0,45.0,55.0,70.0,55.0,85.0
121,"starmie",182,"water",60.0,75.0,85.0,100.0,85.0,115.0
122,"mr-mime",161,"psychic",40.0,45.0,65.0,100.0,120.0,90.0
123,"scyther",100,"bug",70.0,110.0,80.0,55.0,80.0,105.0
124,"jynx",159,"ice",65.0,50.0,35.0,115.0,95.0,95.0
125,"electabuzz",172,"electric",65.0,83.0,57.0,95.0,85.0,105.0
126,"magmar",173,"fire",65.0,95.0,57.0,100.0,85.0,93.0
127,"pinsir",175,"bug",65.0,125.0,100.0,55.0,70.0,85.0
128,"tauros",172,"normal",75.0,100.0,95.0,40.0,70.0,110.0
129,"magikarp",40,"water",20.0,10.0,55.0,15.0,20.0,80.0
130,"gyarados",189,"water",95.0,125.0,79.0,60.0,100.0,81.0
131,"lapras",187,"water",130.0,85.0,80.0,85.0,95.0,60.0
132,"ditto",101,"normal",48.0,48.0,48.0,48.0,48.0,48.0
133,"eevee",65,"normal",55.0,55.0,50.0,45.0,65.0,55.0
134,"vaporeon",184,"water",130.0,65.0,60.0,110.0,95.0,65.0
135,"jolteon",184,"electric",65.0,65.0,60.0,110.0,95.0,130.0
136,"flareon",184,"fire",65.0,130.0,60.0,95.0,110.0,65.0
137,"porygon",79,"normal",65.0,60.0,70.0,85.0,75.0,40.0
138,"omanyte",71,"rock",35.0,40.0,100.0,90.0,55.0,35.0
139,"omastar",173,"rock",70.0,60.0,125.0,115.0,70.0,55.0
140,"kabuto",71,"rock",30.0,80.0,90.0,55.0,45.0,55.0
141,"kabutops",173,"rock",60.0,115.0,105.0,65.0,70.0,80.0
142,"aerodactyl",180,"rock",80.0,105.0,65.0,60.0,75.0,130.0
143,"snorlax",189,"normal",160.0,110.0,65.0,65.0,110.0,30.0
144,"articuno",290,"ice",90.0,85.0,100.0,95.0,125.0,85.0
145,"zapdos",290,"electric",90.0,90.0,85.0,125.0,90.0,100.0
146,"moltres",290,"fire",90.0,100.0,90.0,125.0,85.0,90.0
147,"dratini",60,"dragon",41.0,64.0,45.0,50.0,50.0,50.0
148,"dragonair",147,"dragon",61.0,84.0,65.0,70.0,70.0,70.0
149,"dragonite",300,"dragon",91.0,134.0,95.0,100.0,100.0,80.0
150,"mewtwo",340,"psychic",106.0,110.0,90.0,154.0,90.0,130.0
151,"mew",300,"psychic",100.0,100.0,100.0,100.0,100.0,100.0
152,"chikorita",64,"grass",45.0,49.0,65.0,49.0,65.0,45.0
153,"bayleef",142,"grass",60.0,62.0,80.0,63.0,80.0,60.0
154,"meganium",236,"grass",80.0,82.0,100.0,83.0,100.0,80.0
155,"cyndaquil",62,"fire",39.0,52.0,43.0,60.0,50.0,65.0
156,"quilava",142,"fire",58.0,64.0,58.0,80.0,65.0,80.0
157,"typhlosion",240,"fire",78.0,84.0,78.0,109.0,85.0,100.0
158,"totodile",63,"water",50.0,65.0,64.0,44.0,48.0,43.0
159,"croconaw",142,"water",65.0,80.0,80.0,59.0,63.0,58.0
160,"feraligatr",239,"water",85.0,105.0,100.0,79.0,83.0,78.0
161,"sentret",43,"normal",35.0,46.0,34.0,35.0,45.0,20.0
162,"furret",145,"normal",85.0,76.0,64.0,45.0,55.0,90.0
163,"hoothoot",52,"normal",60.0,30.0,30.0,36.0,56.0,50.0
164,"noctowl",158,"normal",100.0,50.0,50.0,86.0,96.0,70.0
165,"ledyba",53,"bug",40.0,20.0,30.0,40.0,80.0,55.0
166,"ledian",137,"bug",55.0,35.0,50.0,55.0,110.0,85.0
167,"spinarak",50,"bug",40.0,60.0,40.0,40.0,40.0,30.0
168,"ariados",140,"bug",70.0,90.0,70.0,60.0,70.0,40.0
169,"crobat",268,"poison",85.0,90.0,80.0,70.0,80.0,130.0
170,"chinchou",66,"water",75.0,38.0,38.0,56.0,56.0,67.0
171,"lanturn",161,"water",125.0,58.0,58.0,76.0,76.0,67.0
172,"pichu",41,"electric",20.0,40.0,15.0,35.0,35.0,60.0
173,"cleffa",44,"fairy",50.0,25.0,28.0,45.0,55.0,15.0
174,"igglybuff",42,"normal",90.0,30.0,15.0,40.0,20.0,15.0
175,"togepi",49,"fairy",35.0,20.0,65.0,40.0,65.0,20.0
176,"togetic",142,"fairy",55.0,40.0,85.0,80.0,105.0,40.0
177,"natu",64,"psychic",40.0,50.0,45.0,70.0,45.0,70.0
178,"xatu",165,"psychic",65.0,75.0,70.0,95.0,70.0,95.0
179,"mareep",56,"electric",55.0,40.0,40.0,65.0,45.0,35.0
180,"flaaffy",128,"electric",70.0,55.0,55.0,80.0,60.0,45.0
181,"ampharos",230,"electric",90.0,75.0,85.0,115.0,90.0,55.0
182,"bellossom",245,"grass",75.0,80.0,95.0,90.0,100.0,50.0
183,"marill",88,"water",70.0,20.0,50.0,20.0,50.0,40.0
184,"azumarill",210,"water",100.0,50.0,80.0,60.0,80.0,50.0
185,"sudowoodo",144,"rock",70.0,100.0,115.0,30.0,65.0,30.0
186,"politoed",250,"water",90.0,75.0,75.0,90.0,100.0,70.0
187,"hoppip",50,"grass",35.0,35.0,40.0,35.0,55.0,50.0
188,"skiploom",119,"grass",55.0,45.0,50.0,45.0,65.0,80.0
189,"jumpluff",207,"grass",75.0,55.0,70.0,55.0,95.0,110.0
190,"aipom",72,"normal",55.0,70.0,55.0,40.0,55.0,85.0
191,"sunkern",36,"grass",30.0,30.0,30.0,30.0,30.0,30.0
192,"sunflora",149,"grass",75.0,75.0,55.0,105.0,85.0,30.0
193,"yanma",78,"bug",65.0,65.0,45.0,75.0,45.0,95.0
194,"wooper",42,"water",55.0,45.0,45.0,25.0,25.0,15.0
195,"quagsire",151,"water",95.0,85.0,85.0,65.0,65.0,35.0
196,"espeon",184,"psychic",65.0,65.0,60.0,130.0,95.0,110.0
197,"umbreon",184,"dark",95.0,65.0,110.0,60.0,130.0,65.0
198,"murkrow",81,"dark",60.0,85.0,42.0,85.0,42.0,91.0
199,"slowking",172,"water",95.0,75.0,80.0,100.0,110.0,30.0
200,"misdreavus",87,"ghost",60.0,60.0,60.0,85.0,85.0,85.0
201,"unown",118,"psychic",48.0,72.0,48.0,72.0,48.0,48.0
202,"wobbuffet",142,"psychic",190.0,33.0,58.0,33.0,58.0,33.0
203,"girafarig",159,"normal",70.0,80.0,65.0,90.0,65.0,85.0
204,"pineco",58,"bug",50.0,65.0,90.0,35.0,35.0,15.0
205,"forretress",163,"bug",75.0,90.0,140.0,60.0,60.0,40.0
206,"dunsparce",145,"normal",100.0,70.0,70.0,65.0,65.0,45.0
207,"gligar",86,"ground",65.0,75.0,105.0,35.0,65.0,85.0
208,"steelix",179,"steel",75.0,85.0,200.0,55.0,65.0,30.0
209,"snubbull",60,"fairy",60.0,80.0,50.0,40.0,40.0,30.0
210,"granbull",158,"fairy",90.0,120.0,75.0,60.0,60.0,45.0
211,"qwilfish",88,"water",65.0,95.0,85.0,55.0,55.0,85.0
212,"scizor",175,"bug",70.0,130.0,100.0,55.0,80.0,65.0
213,"shuckle",177,"bug",20.0,10.0,230.0,10.0,230.0,5.0
214,"heracross",175,"bug",80.0,125.0,75.0,40.0,95.0,85.0
215,"sneasel",86,"dark",55.0,95.0,55.0,35.0,75.0,115.0
216,"teddiursa",66,"normal",60.0,80.0,50.0,50.0,50.0,40.0
217,"ursaring",175,"normal",90.0,130.0,75.0,75.0,75.0,55.0
218,"slugma",50,"fire",40.0,40.0,40.0,70.0,40.0,20.0
219,"magcargo",151,"fire",60.0,50.0,120.0,90.0,80.0,30.0
220,"swinub",50,"ice",50.0,50.0,40.0,30.0,30.0,50.0
221,"piloswine",158,"ice",100.0,100.0,80.0,60.0,60.0,50.0
222,"corsola",144,"water",65.0,55.0,95.0,65.0,95.0,35.0
223,"remoraid",60,"water",35.0,65.0,35.0,65.0,35.0,65.0
224,"octillery",168,"water",75.0,105.0,75.0,105.0,75.0,45.0
225,"delibird",116,"ice",45.0,55.0,45.0,65.0,45.0,75.0
226,"mantine",170,"water",85.0,40.0,70.0,80.0,140.0,70.0
227,"skarmory",163,"steel",65.0,80.0,140.0,40.0,70.0,70.0
228,"houndour",66,"dark",45.0,60.0,30.0,80.0,50.0,65.0
229,"houndoom",175,"dark",75.0,90.0,50.0,110.0,80.0,95.0
230,"kingdra",270,"water",75.0,95.0,95.0,95.0,95.0,85.0
231,"phanpy",66,"ground",90.0,60.0,60.0,40.0,40.0,40.0
232,"donphan",175,"ground",90.0,120.0,120.0,60.0,60.0,50.0
233,"porygon2",180,"normal",85.0,80.0,90.0,105.0,95.0,60.0
234,"stantler",163,"normal",73.0,95.0,62.0,85.0,65.0,85.0
235,"smeargle",88,"normal",55.0,20.0,35.0,20.0,45.0,75.0
236,"tyrogue",42,"fighting",35.0,35.0,35.0,35.0,35.0,35.0
237,"hitmontop",159,"fighting",50.0,95.0,95.0,35.0,110.0,70.0
238,"smoochum",61,"ice",45.0,30.0,15.0,85.0,65.0,65.0
239,"elekid",72,"electric",45.0,63.0,37.0,65.0,55.0,95.0
240,"magby",73,"fire",45.0,75.0,37.0,70.0,55.0,83.0
241,"miltank",172,"normal",95.0,80.0,105.0,40.0,70.0,100.0
242,"blissey",635,"normal",255.0,10.0,10.0,75.0,135.0,55.0
243,"raikou",290,"electric",90.0,85.0,75.0,115.0,100.0,115.0
244,"entei",290,"fire",115.0,115.0,85.0,90.0,75.0,100.0
245,"suicune",290,"water",100.0,75.0,115.0,90.0,115.0,85.0
246,"larvitar",60,"rock",50.0,64.0,50.0,45.0,50.0,41.0
247,"pupitar",144,"rock",70.0,84.0,70.0,65.0,70.0,51.0
248,"tyranitar",300,"rock",100.0,134.0,110.0,95.0,100.0,61.0
249,"lugia",340,"psychic",106.0,90.0,130.0,90.0,154.0,110.0
250,"ho-oh",340,"fire",106.0,130.0,90.0,110.0,154.0,90.0
251,"celebi",300,"psychic",100.0,100.0,100.0,100.0,100.0,100.0
252,"treecko",62,"grass",40.0,45.0,35.0,65.0,55.0,70.0
253,"grovyle",142,"grass",50.0,65.0,45.0,85.0,65.0,95.0
254,"sceptile",265,"grass",70.0,85.0,65.0,105.0,85.0,120.0
255,"torchic",62,"fire",45.0,60.0,40.0,70.0,50.0,45.0
256,"combusken",142,"fire",60.0,85.0,60.0,85.0,60.0,55.0
257,"blaziken",265,"fire",80.0,120.0,70.0,110.0,70.0,80.0
258,"mudkip",62,"water",50.0,70.0,50.0,50.0,50.0,40.0
259,"marshtomp",142,"water",70.0,85.0,70.0,60.0,70.0,50.0
260,"swampert",268,"water",100.0,110.0,90.0,85.0,90.0,60.0
261,"poochyena",56,"dark",35.0,55.0,35.0,30.0,30.0,35.0
262,"mightyena",147,"dark",70.0,90.0,70.0,60.0,60.0,70.0
263,"zigzagoon",56,"normal",38.0,30.0,41.0,30.0,41.0,60.0
264,"linoone",147,"normal",78.0,70.0,61.0,50.0,61.0,100.0
265,"wurmple",56,"bug",45.0,45.0,35.0,20.0,30.0,20.0
266,"silcoon",72,"bug",50.0,35.0,55.0,25.0,25.0,15.0
267,"beautifly",178,"bug",60.0,70.0,50.0,100.0,50.0,65.0
268,"cascoon",72,"bug",50.0,35.0,55.0,25.0,25.0,15.0
269,"dustox",173,"bug",60.0,50.0,70.0,50.0,90.0,65.0
270,"lotad",44,"water",40.0,30.0,30.0,40.0,50.0,30.0
271,"lombre",119,"water",60.0,50.0,50.0,60.0,70.0,50.0
272,"ludicolo",240,"water",80.0,70.0,70.0,90.0,100.0,70.0
273,"seedot",44,"grass",40.0,40.0,50.0,30.0,30.0,30.0
274,"nuzleaf",119,"grass",70.0,70.0,40.0,60.0,40.0,60.0
275,"shiftry",240,"grass",90.0,100.0,60.0,90.0,60.0,80.0
276,"taillow",54,"normal",40.0,55.0,30.0,30.0,30.0,85.0
277,"swellow",159,"normal",60.0,85.0,60.0,75.0,50.0,125.0
278,"wingull",54,"water",40.0,30.0,30.0,55.0,30.0,85.0
279,"pelipper",154,"water",60.0,50.0,100.0,95.0,70.0,65.0
280,"ralts",40,"psychic",28.0,25.0,25.0,45.0,35.0,40.0
281,"kirlia",97,"psychic",38.0,35.0,35.0,65.0,55.0,50.0
282,"gardevoir",259,"psychic",68.0,65.0,65.0,125.0,115.0,80.0
283,"surskit",54,"bug",40.0,30.0,32.0,50.0,52.0,65.0
284,"masquerain",159,"bug",70.0,60.0,62.0,100.0,82.0,80.0
285,"shroomish",59,"grass",60.0,40.0,60.0,40.0,60.0,35.0
286,"breloom",161,"grass",60.0,130.0,80.0,60.0,60.0,70.0
287,"slakoth",56,"normal",60.0,60.0,60.0,35.0,35.0,30.0
288,"vigoroth",154,"normal",80.0,80.0,80.0,55.0,55.0,90.0
289,"slaking",252,"normal",150.0,160.0,100.0,95.0,65.0,100.0
290,"nincada",53,"bug",31.0,45.0,90.0,30.0,30.0,40.0
291,"ninjask",160,"bug",61.0,90.0,45.0,50.0,50.0,160.0
292,"shedinja",83,"bug",1.0,90.0,45.0,30.0,30.0,40.0
293,"whismur",48,"normal",64.0,51.0,23.0,51.0,23.0,28.0
294,"loudred",126,"normal",84.0,71.0,43.0,71.0,43.0,48.0
295,"exploud",245,"normal",104.0,91.0,63.0,91.0,73.0,68.0
296,"makuhita",47,"fighting",72.0,60.0,30.0,20.0,30.0,25.0
297,"hariyama",166,"fighting",144.0,120.0,60.0,40.0,60.0,50.0
298,"azurill",38,"normal",50.0,20.0,40.0,20.0,40.0,20.0
299,"nosepass",75,"rock",30.0,45.0,135.0,45.0,90.0,30.0
300,"skitty",52,"normal",50.0,45.0,45.0,35.0,35.0,50.0
301,"delcatty",140,"normal",70.0,65.0,65.0,55.0,55.0,90.0
302,"sableye",133,"dark",50.0,75.0,75.0,65.0,65.0,50.0
303,"mawile",133,"steel",50.0,85.0,85.0,55.0,55.0,50.0
304,"aron",66,"steel",50.0,70.0,100.0,40.0,40.0,30.0
305,"lairon",151,"steel",60.0,90.0,140.0,50.0,50.0,40.0
306,"aggron",265,"steel",70.0,110.0,180.0,60.0,60.0,50.0
307,"meditite",56,"fighting",30.0,40.0,55.0,40.0,55.0,60.0
308,"medicham",144,"fighting",60.0,60.0,75.0,60.0,75.0,80.0
309,"electrike",59,"electric",40.0,45.0,40.0,65.0,40.0,65.0
310,"manectric",166,"electric",70.0,75.0,60.0,105.0,60.0,105.0
311,"plusle",142,"electric",60.0,50.0,40.0,85.0,75.0,95.0
312,"minun",142,"electric",60.0,40.0,50.0,75.0,85.0,95.0
313,"volbeat",151,"bug",65.0,73.0,75.0,47.0,85.0,85.0
314,"illumise",151,"bug",65.0,47.0,75.0,73.0,85.0,85.0
315,"roselia",140,"grass",50.0,60.0,45.0,100.0,80.0,65.0
316,"gulpin",60,"poison",70.0,43.0,53.0,43.0,53.0,40.0
317,"swalot",163,"poison",100.0,73.0,83.0,73.0,83.0,55.0
318,"carvanha",61,"water",45.0,90.0,20.0,65.0,20.0,65.0
319,"sharpedo",161,"water",70.0,120.0,40.0,95.0,40.0,95.0
320,"wailmer",80,"water",130.0,70.0,35.0,70.0,35.0,60.0
321,"wailord",175,"water",170.0,90.0,45.0,90.0,45.0,60.0
322,"numel",61,"fire",60.0,60.0,40.0,65.0,45.0,35.0
323,"camerupt",161,"fire",70.0,100.0,70.0,105.0,75.0,40.0
324,"torkoal",165,"fire",70.0,85.0,140.0,85.0,70.0,20.0
325,"spoink",66,"psychic",60.0,25.0,35.0,70.0,80.0,60.0
326,"grumpig",165,"psychic",80.0,45.0,65.0,90.0,110.0,80.0
327,"spinda",126,"normal",60.0,60.0,60.0,60.0,60.0,60.0
328,"trapinch",58,"ground",45.0,100.0,45.0,45.0,45.0,10.0
329,"vibrava",119,"ground",50.0,70.0,50.0,50.0,50.0,70.0
330,"flygon",260,"ground",80.0,100.0,80.0,80.0,80.0,100.0
331,"cacnea",67,"grass",50.0,85.0,40.0,85.0,40.0,35.0
332,"cacturne",166,"grass",70.0,115.0,60.0,115.0,60.0,55.0
333,"swablu",62,"normal",45.0,40.0,60.0,40.0,75.0,50.0
334,"altaria",172,"dragon",75.0,70.0,90.0,70.0,105.0,80.0
335,"zangoose",160,"normal",73.0,115.0,60.0,60.0,60.0,90.0
336,"seviper",160,"poison",73.0,100.0,60.0,100.0,60.0,65.0
337,"lunatone",161,"rock",90.0,55.0,65.0,95.0,85.0,70.0
338,"solrock",161,"rock",90.0,95.0,85.0,55.0,65.0,70.0
339,"barboach",58,"water",50.0,48.0,43.0,46.0,41.0,60.0
340,"whiscash",164,"water",110.0,78.0,73.0,76.0,71.0,60.0
341,"corphish",62,"water",43.0,80.0,65.0,50.0,35.0,35.0
342,"crawdaunt",164,"water",63.0,120.0,85.0,90.0,55.0,55.0
343,"baltoy",60,"ground",40.0,40.0,55.0,40.0,70.0,55.0
344,"claydol",175,"ground",60.0,70.0,105.0,70.0,120.0,75.0
345,"lileep",71,"rock",66.0,41.0,77.0,61.0,87.0,23.0
346,"cradily",173,"rock",86.0,81.0,97.0,81.0,107.0,43.0
347,"anorith",71,"rock",45.0,95.0,50.0,40.0,50.0,75.0
348,"armaldo",173,"rock",75.0,125.0,100.0,70.0,80.0,45.0
349,"feebas",40,"water",20.0,15.0,20.0,10.0,55.0,80.0
350,"milotic",189,"water",95.0,60.0,79.0,100.0,125.0,81.0
351,"castform",147,"normal",70.0,70.0,70.0,70.0,70.0,70.0
352,"kecleon",154,"normal",60.0,90.0,70.0,60.0,120.0,40.0
353,"shuppet",59,"ghost",44.0,75.0,35.0,63.0,33.0,45.0
354,"banette",159,"ghost",64.0,115.0,65.0,83.0,63.0,65.0
355,"duskull",59,"ghost",20.0,40.0,90.0,30.0,90.0,25.0
356,"dusclops",159,"ghost",40.0,70.0,130.0,60.0,130.0,25.0
357,"tropius",161,"grass",99.0,68.0,83.0,72.0,87.0,51.0
358,"chimecho",159,"psychic",75.0,50.0,80.0,95.0,90.0,65.0
359,"absol",163,"dark",65.0,130.0,60.0,75.0,60.0,75.0
360,"wynaut",52,"psychic",95.0,23.0,48.0,23.0,48.0,23.0
361,"snorunt",60,"ice",50.0,50.0,50.0,50.0,50.0,50.0
362,"glalie",168,"ice",80.0,80.0,80.0,80.0,80.0,80.0
363,"spheal",58,"ice",70.0,40.0,50.0,55.0,50.0,25.0
364,"sealeo",144,"ice",90.0,60.0,70.0,75.0,70.0,45.0
365,"walrein",265,"ice",110.0,80.0,90.0,95.0,90.0,65.0
366,"clamperl",69,"water",35.0,64.0,85.0,74.0,55.0,32.0
367,"huntail",170,"water",55.0,104.0,105.0,94.0,75.0,52.0
368,"gorebyss",170,"water",55.0,84.0,105.0,114.0,75.0,52.0
369,"relicanth",170,"water",100.0,90.0,130.0,45.0,65.0,55.0
370,"luvdisc",116,"water",43.0,30.0,55.0,40.0,65.0,97.0
371,"bagon",60,"dragon",45.0,75.0,60.0,40.0,30.0,50.0
372,"shelgon",147,"dragon",65.0,95.0,100.0,60.0,50.0,50.0
373,"salamence",300,"dragon",95.0,135.0,80.0,110.0,80.0,100.0
374,"beldum",60,"steel",40.0,55.0,80.0,35.0,60.0,30.0
375,"metang",147,"steel",60.0,75.0,100.0,55.0,80.0,50.0
376,"metagross",300,"steel",80.0,135.0,130.0,95.0,90.0,70.0
377,"regirock",290,"rock",80.0,100.0,200.0,50.0,100.0,50.0
378,"regice",290,"ice",80.0,50.0,100.0,100.0,200.0,50.0
379,"registeel",290,"steel",80.0,75.0,150.0,75.0,150.0,50.0
380,"latias",300,"dragon",80.0,80.0,90.0,110.0,130.0,110.0
381,"latios",300,"dragon",80.0,90.0,80.0,130.0,110.0,110.0
382,"kyogre",335,"water",100.0,100.0,90.0,150.0,140.0,90.0
383,"groudon",335,"ground",100.0,150.0,140.0,100.0,90.0,90.0
384,"rayquaza",340,"dragon",105.0,150.0,90.0,150.0,90.0,95.0
385,"jirachi",300,"steel",100.0,100.0,100.0,100.0,100.0,100.0
386,"deoxys-normal",270,"psychic",50.0,150.0,50.0,150.0,50.0,150.0
387,"turtwig",64,"grass",55.0,68.0,64.0,45.0,55.0,31.0
388,"grotle",142,"grass",75.0,89.0,85.0,55.0,65.0,36.0
389,"torterra",236,"grass",95.0,109.0,105.0,75.0,85.0,56.0
390,"chimchar",62,"fire",44.0,58.0,44.0,58.0,44.0,61.0
391,"monferno",142,"fire",64.0,78.0,52.0,78.0,52.0,81.0
392,"infernape",240,"fire",76.0,104.0,71.0,104.0,71.0,108.0
393,"piplup",63,"water",53.0,51.0,53.0,61.0,56.0,40.0
394,"prinplup",142,"water",64.0,66.0,68.0,81.0,76.0,50.0
395,"empoleon",239,"water",84.0,86.0,88.0,111.0,101.0,60.0
396,"starly",49,"normal",40.0,55.0,30.0,30.0,30.0,60.0
397,"staravia",119,"normal",55.0,75.0,50.0,40.0,40.0,80.0
398,"staraptor",218,"normal",85.0,120.0,70.0,50.0,60.0,100.0
399,"bidoof",50,"normal",59.0,45.0,40.0,35.0,40.0,31.0
400,"bibarel",144,"normal",79.0,85.0,60.0,55.0,60.0,71.0
401,"kricketot",39,"bug",37.0,25.0,41.0,25.0,41.0,25.0
402,"kricketune",134,"bug",77.0,85.0,51.0,55.0,51.0,65.0
403,"shinx",53,"electric",45.0,65.0,34.0,40.0,34.0,45.0
404,"luxio",127,"electric",60.0,85.0,49.0,60.0,49.0,60.0
405,"luxray",262,"electric",80.0,120.0,79.0,95.0,79.0,70.0
406,"budew",56,"grass",40.0,30.0,35.0,50.0,70.0,55.0
407,"roserade",258,"grass",60.0,70.0,65.0,125.0,105.0,90.0
408,"cranidos",70,"rock",67.0,125.0,40.0,30.0,30.0,58.0
409,"rampardos",173,"rock",97.0,165.0,60.0,65.0,50.0,58.0
410,"shieldon",70,"rock",30.0,42.0,118.0,42.0,88.0,30.0
411,"bastiodon",173,"rock",60.0,52.0,168.0,47.0,138.0,30.0
412,"burmy",45,"bug",40.0,29.0,45.0,29.0,45.0,36.0
413,"wormadam-plant",148,"bug",60.0,59.0,85.0,79.0,105.0,36.0
414,"mothim",148,"bug",70.0,94.0,50.0,94.0,50.0,66.0
415,"combee",49,"bug",30.0,30.0,42.0,30.0,42.0,70.0
416,"vespiquen",166,"bug",70.0,80.0,102.0,80.0,102.0,40.0
417,"pachirisu",142,"electric",60.0,45.0,70.0,45.0,90.0,95.0
418,"buizel",66,"water",55.0,65.0,35.0,60.0,30.0,85.0
419,"floatzel",173,"water",85.0,105.0,55.0,85.0,50.0,115.0
420,"cherubi",55,"grass",45.0,35.0,45.0,62.0,53.0,35.0
421,"cherrim",158,"grass",70.0,60.0,70.0,87.0,78.0,85.0
422,"shellos",65,"water",76.0,48.0,48.0,57.0,62.0,34.0
423,"gastrodon",166,"water",111.0,83.0,68.0,92.0,82.0,39.0
424,"ambipom",169,"normal",75.0,100.0,66.0,60.0,66.0,115.0
425,"drifloon",70,"ghost",90.0,50.0,34.0,60.0,44.0,70.0
426,"drifblim",174,"ghost",150.0,80.0,44.0,90.0,54.0,80.0
427,"buneary",70,"normal",55.0,66.0,44.0,44.0,56.0,85.0
428,"lopunny",168,"normal",65.0,76.0,84.0,54.0,96.0,105.0
429,"mismagius",173,"ghost",60.0,60.0,60.0,105.0,105.0,105.0
430,"honchkrow",177,"dark",100.0,125.0,52.0,105.0,52.0,71.0
431,"glameow",62,"normal",49.0,55.0,42.0,42.0,37.0,85.0
432,"purugly",158,"normal",71.0,82.0,64.0,64.0,59.0,112.0
433,"chingling",57,"psychic",45.0,30.0,50.0,65.0,50.0,45.0
434,"stunky",66,"poison",63.0,63.0,47.0,41.0,41.0,74.0
435,"skuntank",168,"poison",103.0,93.0,67.0,71.0,61.0,84.0
436,"bronzor",60,"steel",57.0,24.0,86.0,24.0,86.0,23.0
437,"bronzong",175,"steel",67.0,89.0,116.0,79.0,116.0,33.0
438,"bonsly",58,"rock",50.0,80.0,95.0,10.0,45.0,10.0
439,"mime-jr",62,"psychic",20.0,25.0,45.0,70.0,90.0,60.0
440,"happiny",110,"normal",100.0,5.0,5.0,15.0,65.0,30.0
441,"chatot",144,"normal",76.0,65.0,45.0,92.0,42.0,91.0
442,"spiritomb",170,"ghost",50.0,92.0,108.0,92.0,108.0,35.0
443,"gible",60,"dragon",58.0,70.0,45.0,40.0,45.0,42.0
444,"gabite",144,"dragon",68.0,90.0,65.0,50.0,55.0,82.0
445,"garchomp",300,"dragon",108.0,130.0,95.0,80.0,85.0,102.0
446,"munchlax",78,"normal",135.0,85.0,40.0,40.0,85.0,5.0
447,"riolu",57,"fighting",40.0,70.0,40.0,35.0,40.0,60.0
448,"lucario",184,"fighting",70.0,110.0,70.0,115.0,70.0,90.0
449,"hippopotas",66,"ground",68.0,72.0,78.0,38.0,42.0,32.0
450,"hippowdon",184,"ground",108.0,112.0,118.0,68.0,72.0,47.0
451,"skorupi",66,"poison",40.0,50.0,90.0,30.0,55.0,65.0
452,"drapion",175,"poison",70.0,90.0,110.0,60.0,75.0,95.0
453,"croagunk",60,"poison",48.0,61.0,40.0,61.0,40.0,50.0
454,"toxicroak",172,"poison",83.0,106.0,65.0,86.0,65.0,85.0
455,"carnivine",159,"grass",74.0,100.0,72.0,90.0,72.0,46.0
456,"finneon",66,"water",49.0,49.0,56.0,49.0,61.0,66.0
457,"lumineon",161,"water",69.0,69.0,76.0,69.0,86.0,91.0
458,"mantyke",69,"water",45.0,20.0,50.0,60.0,120.0,50.0
459,"snover",67,"grass",60.0,62.0,50.0,62.0,60.0,40.0
460,"abomasnow",173,"grass",90.0,92.0,75.0,92.0,85.0,60.0
461,"weavile",179,"dark",70.0,120.0,65.0,45.0,85.0,125.0
462,"magnezone",268,"electric",70.0,70.0,115.0,130.0,90.0,60.0
463,"lickilicky",180,"normal",110.0,85.0,95.0,80.0,95.0,50.0
464,"rhyperior",268,"ground",115.0,140.0,130.0,55.0,55.0,40.0
465,"tangrowth",187,"grass",100.0,100.0,125.0,110.0,50.0,50.0
466,"electivire",270,"electric",75.0,123.0,67.0,95.0,85.0,95.0
467,"magmortar",270,"fire",75.0,95.0,67.0,125.0,95.0,83.0
468,"togekiss",273,"fairy",85.0,50.0,95.0,120.0,115.0,80.0
469,"yanmega",180,"bug",86.0,76.0,86.0,116.0,56.0,95.0
470,"leafeon",184,"grass",65.0,110.0,130.0,60.0,65.0,95.0
471,"glaceon",184,"ice",65.0,60.0,110.0,130.0,95.0,65.0
472,"gliscor",179,"ground",75.0,95.0,125.0,45.0,75.0,95.0
473,"mamoswine",265,"ice",110.0,130.0,80.0,70.0,60.0,80.0
474,"porygon-z",268,"normal",85.0,80.0,70.0,135.0,75.0,90.0
475,"gallade",259,"psychic",68.0,125.0,65.0,65.0,115.0,80.0
476,"probopass",184,"rock",60.0,55.0,145.0,75.0,150.0,40.0
477,"dusknoir",263,"ghost",45.0,100.0,135.0,65.0,135.0,45.0
478,"froslass",168,"ice",70.0,80.0,70.0,80.0,70.0,110.0
479,"rotom",154,"electric",50.0,50.0,77.0,95.0,77.0,91.0
480,"uxie",290,"psychic",75.0,75.0,130.0,75.0,130.0,95.0
481,"mesprit",290,"psychic",80.0,105.0,105.0,105.0,105.0,80.0
482,"azelf",290,"psychic",75.0,125.0,70.0,125.0,70.0,115.0
483,"dialga",340,"steel",100.0,120.0,120.0,150.0,100.0,90.0
484,"palkia",340,"water",90.0,120.0,100.0,150.0,120.0,100.0
485,"heatran",300,"fire",91.0,90.0,106.0,130.0,106.0,77.0
486,"regigigas",335,"normal",110.0,160.0,110.0,80.0,110.0,100.0
487,"giratina-altered",340,"ghost",150.0,100.0,120.0,100.0,120.0,90.0
488,"cresselia",300,"psychic",120.0,70.0,120.0,75.0,130.0,85.0
489,"phione",216,"water",80.0,80.0,80.0,80.0,80.0,80.0
490,"manaphy",270,"water",100.0,100.0,100.0,100.0,100.0,100.0
491,"darkrai",270,"dark",70.0,90.0,90.0,135.0,90.0,125.0
492,"shaymin-land",270,"grass",100.0,100.0,100.0,100.0,100.0,100.0
493,"arceus",324,"normal",120.0,120.0,120.0,120.0,120.0,120.0
494,"victini",300,"psychic",100.0,100.0,100.0,100.0,100.0,100.0
495,"snivy",62,"grass",45.0,45.0,55.0,45.0,55.0,63.0
496,"servine",145,"grass",60.0,60.0,75.0,60.0,75.0,83.0
497,"serperior",238,"grass",75.0,75.0,95.0,75.0,95.0,113.0
498,"tepig",62,"fire",65.0,63.0,45.0,45.0,45.0,45.0
499,"pignite",146,"fire",90.0,93.0,55.0,70.0,55.0,55.0
500,"emboar",238,"fire",110.0,123.0,65.0,100.0,65.0,65.0
501,"oshawott",62,"water",55.0,55.0,45.0,63.0,45.0,45.0
502,"dewott",145,"water",75.0,75.0,60.0,83.0,60.0,60.0
503,"samurott",238,"water",95.0,100.0,85.0,108.0,70.0,70.0
504,"patrat",51,"normal",45.0,55.0,39.0,35.0,39.0,42.0
505,"watchog",147,"normal",60.0,85.0,69.0,60.0,69.0,77.0
506,"lillipup",55,"normal",45.0,60.0,45.0,25.0,45.0,55.0
507,"herdier",130,"normal",65.0,80.0,65.0,35.0,65.0,60.0
508,"stoutland",250,"normal",85.0,110.0,90.0,45.0,90.0,80.0
509,"purrloin",56,"dark",41.0,50.0,37.0,50.0,37.0,66.0
510,"liepard",156,"dark",64.0,88.0,50.0,88.0,50.0,106.0
511,"pansage",63,"grass",50.0,53.0,48.0,53.0,48.0,64.0
512,"simisage",174,"grass",75.0,98.0,63.0,98.0,63.0,101.0
513,"pansear",63,"fire",50.0,53.0,48.0,53.0,48.0,64.0
514,"simisear",174,"fire",75.0,98.0,63.0,98.0,63.0,101.0
515,"panpour",63,"water",50.0,53.0,48.0,53.0,48.0,64.0
516,"simipour",174,"water",75.0,98.0,63.0,98.0,63.0,101.0
517,"munna",58,"psychic",76.0,25.0,45.0,67.0,55.0,24.0
518,"musharna",170,"psychic",116.0,55.0,85.0,107.0,95.0,29.0
519,"pidove",53,"normal",50.0,55.0,50.0,36.0,30.0,43.0
520,"tranquill",125,"normal",62.0,77.0,62.0,50.0,42.0,65.0
521,"unfezant",244,"normal",80.0,115.0,80.0,65.0,55.0,93.0
522,"blitzle",59,"electric",45.0,60.0,32.0,50.0,32.0,76.0
523,"zebstrika",174,"electric",75.0,100.0,63.0,80.0,63.0,116.0
524,"roggenrola",56,"rock",55.0,75.0,85.0,25.0,25.0,15.0
525,"boldore",137,"rock",70.0,105.0,105.0,50.0,40.0,20.0
526,"gigalith",258,"rock",85.0,135.0,130.0,60.0,80.0,25.0
527,"woobat",65,"psychic",65.0,45.0,43.0,55.0,43.0,72.0
528,"swoobat",149,"psychic",67.0,57.0,55.0,77.0,55.0,114.0
529,"drilbur",66,"ground",60.0,85.0,40.0,30.0,45.0,68.0
530,"excadrill",178,"ground",110.0,135.0,60.0,50.0,65.0,88.0
531,"audino",390,"normal",103.0,60.0,86.0,60.0,86.0,50.0
532,"timburr",61,"fighting",75.0,80.0,55.0,25.0,35.0,35.0
533,"gurdurr",142,"fighting",85.0,105.0,85.0,40.0,50.0,40.0
534,"conkeldurr",253,"fighting",105.0,140.0,95.0,55.0,65.0,45.0
535,"tympole",59,"water",50.0,50.0,40.0,50.0,40.0,64.0
536,"palpitoad",134,"water",75.0,65.0,55.0,65.0,55.0,69.0
537,"seismitoad",255,"water",105.0,95.0,75.0,85.0,75.0,74.0
538,"throh",163,"fighting",120.0,100.0,85.0,30.0,85.0,45.0
539,"sawk",163,"fighting",75.0,125.0,75.0,30.0,75.0,85.0
540,"sewaddle",62,"bug",45.0,53.0,70.0,40.0,60.0,42.0
541,"swadloon",133,"bug",55.0,63.0,90.0,50.0,80.0,42.0
542,"leavanny",225,"bug",75.0,103.0,80.0,70.0,80.0,92.0
543,"venipede",52,"bug",30.0,45.0,59.0,30.0,39.0,57.0
544,"whirlipede",126,"bug",40.0,55.0,99.0,40.0,79.0,47.0
545,"scolipede",243,"bug",60.0,100.0,89.0,55.0,69.0,112.0
546,"cottonee",56,"grass",40.0,27.0,60.0,37.0,50.0,66.0
547,"whimsicott",168,"grass",60.0,67.0,85.0,77.0,75.0,116.0
548,"petilil",56,"grass",45.0,35.0,50.0,70.0,50.0,30.0
549,"lilligant",168,"grass",70.0,60.0,75.0,110.0,75.0,90.0
550,"basculin-red-striped",161,"water",70.0,92.0,65.0,80.0,55.0,98.0
551,"sandile",58,"ground",50.0,72.0,35.0,35.0,35.0,65.0
552,"krokorok",123,"ground",60.0,82.0,45.0,45.0,45.0,74.0
553,"krookodile",260,"ground",95.0,117.0,80.0,65.0,70.0,92.0
554,"darumaka",63,"fire",70.0,90.0,45.0,15.0,45.0,50.0
555,"darmanitan-standard",168,"fire",105.0,140.0,55.0,30.0,55.0,95.0
556,"maractus",161,"grass",75.0,86.0,67.0,106.0,67.0,60.0
557,"dwebble",65,"bug",50.0,65.0,85.0,35.0,35.0,55.0
558,"crustle",170,"bug",70.0,105.0,125.0,65.0,75.0,45.0
559,"scraggy",70,"dark",50.0,75.0,70.0,35.0,70.0,48.0
560,"scrafty",171,"dark",65.0,90.0,115.0,45.0,115.0,58.0
561,"sigilyph",172,"psychic",72.0,58.0,80.0,103.0,80.0,97.0
562,"yamask",61,"ghost",38.0,30.0,85.0,55.0,65.0,30.0
563,"cofagrigus",169,"ghost",58.0,50.0,145.0,95.0,105.0,30.0
564,"tirtouga",71,"water",54.0,78.0,103.0,53.0,45.0,22.0
565,"carracosta",173,"water",74.0,108.0,133.0,83.0,65.0,32.0
566,"archen",71,"rock",55.0,112.0,45.0,74.0,45.0,70.0
567,"archeops",177,"rock",75.0,140.0,65.0,112.0,65.0,110.0
568,"trubbish",66,"poison",50.0,50.0,62.0,40.0,62.0,65.0
569,"garbodor",166,"poison",80.0,95.0,82.0,60.0,82.0,75.0
570,"zorua",66,"dark",40.0,65.0,40.0,80.0,40.0,65.0
571,"zoroark",179,"dark",60.0,105.0,60.0,120.0,60.0,105.0
572,"minccino",60,"normal",55.0,50.0,40.0,40.0,40.0,75.0
573,"cinccino",165,"normal",75.0,95.0,60.0,65.0,60.0,115.0
574,"gothita",58,"psychic",45.0,30.0,50.0,55.0,65.0,45.0
575,"gothorita",137,"psychic",60.0,45.0,70.0,75.0,85.0,55.0
576,"gothitelle",245,"psychic",70.0,55.0,95.0,95.0,110.0,65.0
577,"solosis",58,"psychic",45.0,30.0,40.0,105.0,50.0,20.0
578,"duosion",130,"psychic",65.0,40.0,50.0,125.0,60.0,30.0
579,"reuniclus",245,"psychic",110.0,65.0,75.0,125.0,85.0,30.0
580,"ducklett",61,"water",62.0,44.0,50.0,44.0,50.0,55.0
581,"swanna",166,"water",75.0,87.0,63.0,87.0,63.0,98.0
582,"vanillite",61,"ice",36.0,50.0,50.0,65.0,60.0,44.0
583,"vanillish",138,"ice",51.0,65.0,65.0,80.0,75.0,59.0
584,"vanilluxe",268,"ice",71.0,95.0,85.0,110.0,95.0,79.0
585,"deerling",67,"normal",60.0,60.0,50.0,40.0,50.0,75.0
586,"sawsbuck",166,"normal",80.0,100.0,70.0,60.0,70.0,95.0
587,"emolga",150,"electric",55.0,75.0,60.0,75.0,60.0,103.0
588,"karrablast",63,"bug",50.0,75.0,45.0,40.0,45.0,60.0
589,"escavalier",173,"bug",70.0,135.0,105.0,60.0,105.0,20.0
590,"foongus",59,"grass",69.0,55.0,45.0,55.0,55.0,15.0
591,"amoonguss",162,"grass",114.0,85.0,70.0,85.0,80.0,30.0
592,"frillish",67,"water",55.0,40.0,50.0,65.0,85.0,40.0
593,"jellicent",168,"water",100.0,60.0,70.0,85.0,105.0,60.0
594,"alomomola",165,"water",165.0,75.0,80.0,40.0,45.0,65.0
595,"joltik",64,"bug",50.0,47.0,50.0,57.0,50.0,65.0
596,"galvantula",165,"bug",70.0,77.0,60.0,97.0,60.0,108.0
597,"ferroseed",61,"grass",44.0,50.0,91.0,24.0,86.0,10.0
598,"ferrothorn",171,"grass",74.0,94.0,131.0,54.0,116.0,20.0
599,"klink",60,"steel",40.0,55.0,70.0,45.0,60.0,30.0
600,"klang",154,"steel",60.0,80.0,95.0,70.0,85.0,50.0
601,"klinklang",260,"steel",60.0,100.0,115.0,70.0,85.0,90.0
602,"tynamo",55,"electric",35.0,55.0,40.0,45.0,40.0,60.0
603,"eelektrik",142,"electric",65.0,85.0,70.0,75.0,70.0,40.0
604,"eelektross",232,"electric",85.0,115.0,80.0,105.0,80.0,50.0
605,"elgyem",67,"psychic",55.0,55.0,55.0,85.0,55.0,30.0
606,"beheeyem",170,"psychic",75.0,75.0,75.0,125.0,95.0,40.0
607,"litwick",55,"ghost",50.0,30.0,55.0,65.0,55.0,20.0
608,"lampent",130,"ghost",60.0,40.0,60.0,95.0,60.0,55.0
609,"chandelure",260,"ghost",60.0,55.0,90.0,145.0,90.0,80.0
610,"axew",64,"dragon",46.0,87.0,60.0,30.0,40.0,57.0
611,"fraxure",144,"dragon",66.0,117.0,70.0,40.0,50.0,67.0
612,"haxorus",270,"dragon",76.0,147.0,90.0,60.0,70.0,97.0
613,"cubchoo",61,"ice",55.0,70.0,40.0,60.0,40.0,40.0
614,"beartic",177,"ice",95.0,130.0,80.0,70.0,80.0,50.0
615,"cryogonal",180,"ice",80.0,50.0,50.0,95.0,135.0,105.0
616,"shelmet",61,"bug",50.0,40.0,85.0,40.0,65.0,25.0
617,"accelgor",173,"bug",80.0,70.0,40.0,100.0,60.0,145.0
618,"stunfisk",165,"ground",109.0,66.0,84.0,81.0,99.0,32.0
619,"mienfoo",70,"fighting",45.0,85.0,50.0,55.0,50.0,65.0
620,"mienshao",179,"fighting",65.0,125.0,60.0,95.0,60.0,105.0
621,"druddigon",170,"dragon",77.0,120.0,90.0,60.0,90.0,48.0
622,"golett",61,"ground",59.0,74.0,50.0,35.0,50.0,35.0
623,"golurk",169,"ground",89.0,124.0,80.0,55.0,80.0,55.0
624,"pawniard",68,"dark",45.0,85.0,70.0,40.0,40.0,60.0
625,"bisharp",172,"dark",65.0,125.0,100.0,60.0,70.0,70.0
626,"bouffalant",172,"normal",95.0,110.0,95.0,40.0,95.0,55.0
627,"rufflet",70,"normal",70.0,83.0,50.0,37.0,50.0,60.0
628,"braviary",179,"normal",100.0,123.0,75.0,57.0,75.0,80.0
629,"vullaby",74,"dark",70.0,55.0,75.0,45.0,65.0,60.0
630,"mandibuzz",179,"dark",110.0,65.0,105.0,55.0,95.0,80.0
631,"heatmor",169,"fire",85.0,97.0,66.0,105.0,66.0,65.0
632,"durant",169,"bug",58.0,109.0,112.0,48.0,48.0,109.0
633,"deino",60,"dark",52.0,65.0,50.0,45.0,50.0,38.0
634,"zweilous",147,"dark",72.0,85.0,70.0,65.0,70.0,58.0
635,"hydreigon",300,"dark",92.0,105.0,90.0,125.0,90.0,98.0
636,"larvesta",72,"bug",55.0,85.0,55.0,50.0,55.0,60.0
637,"volcarona",275,"bug",85.0,60.0,65.0,135.0,105.0,100.0
638,"cobalion",290,"steel",91.0,90.0,129.0,90.0,72.0,108.0
639,"terrakion",290,"rock",91.0,129.0,90.0,72.0,90.0,108.0
640,"virizion",290,"grass",91.0,90.0,72.0,90.0,129.0,108.0
641,"tornadus-incarnate",290,"flying",79.0,115.0,70.0,125.0,80.0,111.0
642,"thundurus-incarnate",290,"electric",79.0,115.0,70.0,125.0,80.0,111.0
643,"reshiram",340,"dragon",100.0,120.0,100.0,150.0,120.0,90.0
644,"zekrom",340,"dragon",100.0,150.0,120.0,120.0,100.0,90.0
645,"landorus-incarnate",300,"ground",89.0,125.0,90.0,115.0,80.0,101.0
646,"kyurem",330,"dragon",125.0,130.0,90.0,130.0,90.0,95.0
647,"keldeo-ordinary",290,"water",91.0,72.0,90.0,129.0,90.0,108.0
648,"meloetta-aria",270,"normal",100.0,77.0,77.0,128.0,128.0,90.0
649,"genesect",300,"bug",71.0,120.0,95.0,120.0,95.0,99.0
650,"chespin",63,"grass",56.0,61.0,65.0,48.0,45.0,38.0
651,"quilladin",142,"grass",61.0,78.0,95.0,56.0,58.0,57.0
652,"chesnaught",239,"grass",88.0,107.0,122.0,74.0,75.0,64.0
653,"fennekin",61,"fire",40.0,45.0,40.0,62.0,60.0,60.0
654,"braixen",143,"fire",59.0,59.0,58.0,90.0,70.0,73.0
655,"delphox",240,"fire",75.0,69.0,72.0,114.0,100.0,104.0
656,"froakie",63,"water",41.0,56.0,40.0,62.0,44.0,71.0
657,"frogadier",142,"water",54.0,63.0,52.0,83.0,56.0,97.0
658,"greninja",239,"water",72.0,95.0,67.0,103.0,71.0,122.0
659,"bunnelby",47,"normal",38.0,36.0,38.0,32.0,36.0,57.0
660,"diggersby",148,"normal",85.0,56.0,77.0,50.0,77.0,78.0
661,"fletchling",56,"normal",45.0,50.0,43.0,40.0,38.0,62.0
662,"fletchinder",134,"fire",62.0,73.0,55.0,56.0,52.0,84.0
663,"talonflame",175,"fire",78.0,81.0,71.0,74.0,69.0,126.0
664,"scatterbug",40,"bug",38.0,35.0,40.0,27.0,25.0,35.0
665,"spewpa",75,"bug",45.0,22.0,60.0,27.0,30.0,29.0
666,"vivillon",185,"bug",80.0,52.0,50.0,90.0,50.0,89.0
667,"litleo",74,"fire",62.0,50.0,58.0,73.0,54.0,72.0
668,"pyroar",177,"fire",86.0,68.0,72.0,109.0,66.0,106.0
669,"flabebe",61,"fairy",44.0,38.0,39.0,61.0,79.0,42.0
670,"floette",130,"fairy",54.0,45.0,47.0,75.0,98.0,52.0
671,"florges",248,"fairy",78.0,65.0,68.0,112.0,154.0,75.0
672,"skiddo",70,"grass",66.0,65.0,48.0,62.0,57.0,52.0
673,"gogoat",186,"grass",123.0,100.0,62.0,97.0,81.0,68.0
674,"pancham",70,"fighting",67.0,82.0,62.0,46.0,48.0,43.0
675,"pangoro",173,"fighting",95.0,124.0,78.0,69.0,71.0,58.0
676,"furfrou",165,"normal",75.0,80.0,60.0,65.0,90.0,102.0
677,"espurr",71,"psychic",62.0,48.0,54.0,63.0,60.0,68.0
678,"meowstic-male",163,"psychic",74.0,48.0,76.0,83.0,81.0,104.0
679,"honedge",65,"steel",45.0,80.0,100.0,35.0,37.0,28.0
680,"doublade",157,"steel",59.0,110.0,150.0,45.0,49.0,35.0
681,"aegislash-shield",250,"steel",60.0,50.0,140.0,50.0,140.0,60.0
682,"spritzee",68,"fairy",78.0,52.0,60.0,63.0,65.0,23.0
683,"aromatisse",162,"fairy",101.0,72.0,72.0,99.0,89.0,29.0
684,"swirlix",68,"fairy",62.0,48.0,66.0,59.0,57.0,49.0
685,"slurpuff",168,"fairy",82.0,80.0,86.0,85.0,75.0,72.0
686,"inkay",58,"dark",53.0,54.0,53.0,37.0,46.0,45.0
687,"malamar",169,"dark",86.0,92.0,88.0,68.0,75.0,73.0
688,"binacle",61,"rock",42.0,52.0,67.0,39.0,56.0,50.0
689,"barbaracle",175,"rock",72.0,105.0,115.0,54.0,86.0,68.0
690,"skrelp",64,"poison",50.0,60.0,60.0,60.0,60.0,30.0
691,"dragalge",173,"poison",65.0,75.0,90.0,97.0,123.0,44.0
692,"clauncher",66,"water",50.0,53.0,62.0,58.0,63.0,44.0
693,"clawitzer",100,"water",71.0,73.0,88.0,120.0,89.0,59.0
694,"helioptile",58,"electric",44.0,38.0,33.0,61.0,43.0,70.0
695,"heliolisk",168,"electric",62.0,55.0,52.0,109.0,94.0,109.0
696,"tyrunt",72,"rock",58.0,89.0,77.0,45.0,45.0,48.0
697,"tyrantrum",182,"rock",82.0,121.0,119.0,69.0,59.0,71.0
698,"amaura",72,"rock",77.0,59.0,50.0,67.0,63.0,46.0
699,"aurorus",104,"rock",123.0,77.0,72.0,99.0,92.0,58.0
700,"sylveon",184,"fairy",95.0,65.0,65.0,110.0,130.0,60.0
701,"hawlucha",175,"fighting",78.0,92.0,75.0,74.0,63.0,118.0
702,"dedenne",151,"electric",67.0,58.0,57.0,81.0,67.0,101.0
703,"carbink",100,"rock",50.0,50.0,150.0,50.0,150.0,50.0
704,"goomy",60,"dragon",45.0,50.0,35.0,55.0,75.0,40.0
705,"sliggoo",158,"dragon",68.0,75.0,53.0,83.0,113.0,60.0
706,"goodra",300,"dragon",90.0,100.0,70.0,110.0,150.0,80.0
707,"klefki",165,"steel",57.0,80.0,91.0,80.0,87.0,75.0
708,"phantump",62,"ghost",43.0,70.0,48.0,50.0,60.0,38.0
709,"trevenant",166,"ghost",85.0,110.0,76.0,65.0,82.0,56.0
710,"pumpkaboo-average",67,"ghost",49.0,66.0,70.0,44.0,55.0,51.0
711,"gourgeist-average",173,"ghost",65.0,90.0,122.0,58.0,75.0,84.0
712,"bergmite",61,"ice",55.0,69.0,85.0,32.0,35.0,28.0
713,"avalugg",180,"ice",95.0,117.0,184.0,44.0,46.0,28.0
714,"noibat",49,"flying",40.0,30.0,35.0,45.0,40.0,55.0
715,"noivern",187,"flying",85.0,70.0,80.0,97.0,80.0,123.0
716,"xerneas",340,"fairy",126.0,131.0,95.0,131.0,98.0,99.0
717,"yveltal",340,"dark",126.0,131.0,95.0,131.0,98.0,99.0
718,"zygarde-50",300,"dragon",108.0,100.0,121.0,81.0,95.0,95.0
719,"diancie",300,"rock",50.0,100.0,150.0,100.0,150.0,50.0
720,"hoopa",270,"psychic",80.0,110.0,60.0,150.0,130.0,70.0
721,"volcanion",300,"fire",80.0,110.0,120.0,130.0,90.0,70.0
722,"rowlet",64,"grass",68.0,55.0,55.0,50.0,50.0,42.0
723,"dartrix",147,"grass",78.0,75.0,75.0,70.0,70.0,52.0
724,"decidueye",265,"grass",78.0,107.0,75.0,100.0,100.0,70.0
725,"litten",64,"fire",45.0,65.0,40.0,60.0,40.0,70.0
726,"torracat",147,"fire",65.0,85.0,50.0,80.0,50.0,90.0
727,"incineroar",265,"fire",95.0,115.0,90.0,80.0,90.0,60.0
728,"popplio",64,"water",50.0,54.0,54.0,66.0,56.0,40.0
729,"brionne",147,"water",60.0,69.0,69.0,91.0,81.0,50.0
730,"primarina",265,"water",80.0,74.0,74.0,126.0,116.0,60.0
731,"pikipek",53,"normal",35.0,75.0,30.0,30.0,30.0,65.0
732,"trumbeak",124,"normal",55.0,85.0,50.0,40.0,50.0,75.0
733,"toucannon",218,"normal",80.0,120.0,75.0,75.0,75.0,60.0
734,"yungoos",51,"normal",48.0,70.0,30.0,30.0,30.0,45.0
735,"gumshoos",146,"normal",88.0,110.0,60.0,55.0,60.0,45.0
736,"grubbin",60,"bug",47.0,62.0,45.0,55.0,45.0,46.0
737,"charjabug",140,"bug",57.0,82.0,95.0,55.0,75.0,36.0
738,"vikavolt",250,"bug",77.0,70.0,90.0,145.0,75.0,43.0
739,"crabrawler",68,"fighting",47.0,82.0,57.0,42.0,47.0,63.0
740,"crabominable",167,"fighting",97.0,132.0,77.0,62.0,67.0,43.0
741,"oricorio-baile",167,"fire",75.0,70.0,70.0,98.0,70.0,93.0
742,"cutiefly",61,"bug",40.0,45.0,40.0,55.0,40.0,84.0
743,"ribombee",162,"bug",60.0,55.0,60.0,95.0,70.0,124.0
744,"rockruff",56,"rock",45.0,65.0,40.0,30.0,40.0,60.0
745,"lycanroc-midday",170,"rock",75.0,115.0,65.0,55.0,65.0,112.0
746,"wishiwashi-solo",61,"water",45.0,20.0,20.0,25.0,25.0,40.0
747,"mareanie",61,"poison",50.0,53.0,62.0,43.0,52.0,45.0
748,"toxapex",173,"poison",50.0,63.0,152.0,53.0,142.0,35.0
749,"mudbray",77,"ground",70.0,100.0,70.0,45.0,55.0,45.0
750,"mudsdale",175,"ground",100.0,125.0,100.0,55.0,85.0,35.0
751,"dewpider",54,"water",38.0,40.0,52.0,40.0,72.0,27.0
752,"araquanid",159,"water",68.0,70.0,92.0,50.0,132.0,42.0
753,"fomantis",50,"grass",40.0,55.0,35.0,50.0,35.0,35.0
754,"lurantis",168,"grass",70.0,105.0,90.0,80.0,90.0,45.0
755,"morelull",57,"grass",40.0,35.0,55.0,65.0,75.0,15.0
756,"shiinotic",142,"grass",60.0,45.0,80.0,90.0,100.0,30.0
757,"salandit",64,"poison",48.0,44.0,40.0,71.0,40.0,77.0
758,"salazzle",168,"poison",68.0,64.0,60.0,111.0,60.0,117.0
759,"stufful",68,"normal",70.0,75.0,50.0,45.0,50.0,50.0
760,"bewear",175,"normal",120.0,125.0,80.0,55.0,60.0,60.0
761,"bounsweet",42,"grass",42.0,30.0,38.0,30.0,38.0,32.0
762,"steenee",102,"grass",52.0,40.0,48.0,40.0,48.0,62.0
763,"tsareena",255,"grass",72.0,120.0,98.0,50.0,98.0,72.0
764,"comfey",170,"fairy",51.0,52.0,90.0,82.0,110.0,100.0
765,"oranguru",172,"normal",90.0,60.0,80.0,90.0,110.0,60.0
766,"passimian",172,"fighting",100.0,120.0,90.0,40.0,60.0,80.0
767,"wimpod",46,"bug",25.0,35.0,40.0,20.0,30.0,80.0
768,"golisopod",186,"bug",75.0,125.0,140.0,60.0,90.0,40.0
769,"sandygast",64,"ghost",55.0,55.0,80.0,70.0,45.0,15.0
770,"palossand",168,"ghost",85.0,75.0,110.0,100.0,75.0,35.0
771,"pyukumuku",144,"water",55.0,60.0,130.0,30.0,130.0,5.0
772,"type-null",107,"normal",95.0,95.0,95.0,95.0,95.0,59.0
773,"silvally",285,"normal",95.0,95.0,95.0,95.0,95.0,95.0
774,"minior-red-meteor",154,"rock",60.0,60.0,100.0,60.0,100.0,60.0
775,"komala",168,"normal",65.0,115.0,65.0,75.0,95.0,65.0
776,"turtonator",170,"fire",60.0,78.0,135.0,91.0,85.0,36.0
777,"togedemaru",152,"electric",65.0,98.0,63.0,40.0,73.0,96.0
778,"mimikyu-disguised",167,"ghost",55.0,90.0,80.0,50.0,105.0,96.0
779,"bruxish",166,"water",68.0,105.0,70.0,70.0,70.0,92.0
780,"drampa",170,"normal",78.0,60.0,85.0,135.0,91.0,36.0
781,"dhelmise",181,"ghost",70.0,131.0,100.0,86.0,90.0,40.0
782,"jangmo-o",60,"dragon",45.0,55.0,65.0,45.0,45.0,45.0
783,"hakamo-o",147,"dragon",55.0,75.0,90.0,65.0,70.0,65.0
784,"kommo-o",300,"dragon",75.0,110.0,125.0,100.0,105.0,85.0
785,"tapu-koko",285,"electric",70.0,115.0,85.0,95.0,75.0,130.0
786,"tapu-lele",285,"psychic",70.0,85.0,75.0,130.0,115.0,95.0
787,"tapu-bulu",285,"grass",70.0,130.0,115.0,85.0,95.0,75.0
788,"tapu-fini",285,"water",70.0,75.0,115.0,95.0,130.0,85.0
789,"cosmog",40,"psychic",43.0,29.0,31.0,29.0,31.0,37.0
790,"cosmoem",140,"psychic",43.0,29.0,131.0,29.0,131.0,37.0
791,"solgaleo",340,"psychic",137.0,137.0,107.0,113.0,89.0,97.0
792,"lunala",340,"psychic",137.0,113.0,89.0,137.0,107.0,97.0
793,"nihilego",285,"rock",109.0,53.0,47.0,127.0,131.0,103.0
794,"buzzwole",285,"bug",107.0,139.0,139.0,53.0,53.0,79.0
795,"pheromosa",285,"bug",71.0,137.0,37.0,137.0,37.0,151.0
796,"xurkitree",285,"electric",83.0,89.0,71.0,173.0,71.0,83.0
797,"celesteela",285,"steel",97.0,101.0,103.0,107.0,101.0,61.0
798,"kartana",285,"grass",59.0,181.0,131.0,59.0,31.0,109.0
799,"guzzlord",285,"dark",223.0,101.0,53.0,97.0,53.0,43.0
800,"necrozma",300,"psychic",97.0,107.0,101.0,127.0,89.0,79.0
801,"magearna",300,"steel",80.0,95.0,115.0,130.0,115.0,65.0
802,"marshadow",300,"fighting",90.0,125.0,80.0,90.0,90.0,125.0
803,"poipole",210,"poison",67.0,73.0,67.0,73.0,67.0,73.0
804,"naganadel",270,"poison",73.0,73.0,73.0,127.0,73.0,121.0
805,"stakataka",285,"rock",61.0,131.0,211.0,53.0,101.0,13.0
806,"blacephalon",285,"fire",53.0,127.0,53.0,151.0,79.0,107.0
807,"zeraora",300,"electric",88.0,112.0,75.0,102.0,80.0,143.0
808,"meltan",150,"steel",46.0,65.0,65.0,55.0,35.0,34.0
809,"melmetal",300,"steel",135.0,143.0,143.0,80.0,65.0,34.0
810,"grookey",62,"grass",50.0,65.0,50.0,40.0,40.0,65.0
811,"thwackey",147,"grass",70.0,85.0,70.0,55.0,60.0,80.0
812,"rillaboom",265,"grass",100.0,125.0,90.0,60.0,70.0,85.0
813,"scorbunny",62,"fire",50.0,71.0,40.0,40.0,40.0,69.0
814,"raboot",147,"fire",65.0,86.0,60.0,55.0,60.0,94.0
815,"cinderace",265,"fire",80.0,116.0,75.0,65.0,75.0,119.0
816,"sobble",62,"water",50.0,40.0,40.0,70.0,40.0,70.0
817,"drizzile",147,"water",65.0,60.0,55.0,95.0,55.0,90.0
818,"inteleon",265,"water",70.0,85.0,65.0,125.0,65.0,120.0
819,"skwovet",55,"normal",70.0,55.0,55.0,35.0,35.0,25.0
820,"greedent",161,"normal",120.0,95.0,95.0,55.0,75.0,20.0
821,"rookidee",49,"flying",38.0,47.0,35.0,33.0,35.0,57.0
822,"corvisquire",128,"flying",68.0,67.0,55.0,43.0,55.0,77.0
823,"corviknight",248,"flying",98.0,87.0,105.0,53.0,85.0,67.0
824,"blipbug",36,"bug",25.0,20.0,20.0,25.0,45.0,45.0
825,"dottler",117,"bug",50.0,35.0,80.0,50.0,90.0,30.0
826,"orbeetle",253,"bug",60.0,45.0,110.0,80.0,120.0,90.0
827,"nickit",49,"dark",40.0,28.0,28.0,47.0,52.0,50.0
828,"thievul",159,"dark",70.0,58.0,58.0,87.0,92.0,90.0
829,"gossifleur",50,"grass",40.0,40.0,60.0,40.0,60.0,10.0
830,"eldegoss",161,"grass",60.0,50.0,90.0,80.0,120.0,60.0
831,"wooloo",122,"normal",42.0,40.0,55.0,40.0,45.0,48.0
832,"dubwool",172,"normal",72.0,80.0,100.0,60.0,90.0,88.0
833,"chewtle",57,"water",50.0,64.0,50.0,38.0,38.0,44.0
834,"drednaw",170,"water",90.0,115.0,90.0,48.0,68.0,74.0
835,"yamper",54,"electric",59.0,45.0,50.0,40.0,50.0,26.0
836,"boltund",172,"electric",69.0,90.0,60.0,90.0,60.0,121.0
837,"rolycoly",48,"rock",30.0,40.0,50.0,40.0,50.0,30.0
838,"carkol",144,"rock",80.0,60.0,90.0,60.0,70.0,50.0
839,"coalossal",255,"rock",110.0,80.0,120.0,80.0,90.0,30.0
840,"applin",52,"grass",40.0,40.0,80.0,40.0,40.0,20.0
841,"flapple",170,"grass",70.0,110.0,80.0,95.0,60.0,70.0
842,"appletun",170,"grass",110.0,85.0,80.0,100.0,80.0,30.0
843,"silicobra",63,"ground",52.0,57.0,75.0,35.0,50.0,46.0
844,"sandaconda",179,"ground",72.0,107.0,125.0,65.0,70.0,71.0
845,"cramorant",166,"flying",70.0,85.0,55.0,85.0,95.0,85.0
846,"arrokuda",56,"water",41.0,63.0,40.0,40.0,30.0,66.0
847,"barraskewda",172,"water",61.0,123.0,60.0,60.0,50.0,136.0
848,"toxel",48,"electric",40.0,38.0,35.0,54.0,35.0,40.0
849,"toxtricity-amped",176,"electric",75.0,98.0,70.0,114.0,70.0,75.0
850,"sizzlipede",61,"fire",50.0,65.0,45.0,50.0,50.0,45.0
851,"centiskorch",184,"fire",100.0,115.0,65.0,90.0,90.0,65.0
852,"clobbopus",62,"fighting",50.0,68.0,60.0,50.0,50.0,32.0
853,"grapploct",168,"fighting",80.0,118.0,90.0,70.0,80.0,42.0
854,"sinistea",62,"ghost",40.0,45.0,45.0,74.0,54.0,50.0
855,"polteageist",178,"ghost",60.0,65.0,65.0,134.0,114.0,70.0
856,"hatenna",53,"psychic",42.0,30.0,45.0,56.0,53.0,39.0
857,"hattrem",130,"psychic",57.0,40.0,65.0,86.0,73.0,49.0
858,"hatterene",255,"psychic",57.0,90.0,95.0,136.0,103.0,29.0
859,"impidimp",53,"dark",45.0,45.0,30.0,55.0,40.0,50.0
860,"morgrem",130,"dark",65.0,60.0,45.0,75.0,55.0,70.0
861,"grimmsnarl",255,"dark",95.0,120.0,65.0,95.0,75.0,60.0
862,"obstagoon",260,"dark",93.0,90.0,101.0,60.0,81.0,95.0
863,"perrserker",154,"steel",70.0,110.0,100.0,50.0,60.0,50.0
864,"cursola",179,"ghost",60.0,95.0,50.0,145.0,130.0,30.0
865,"sirfetchd",177,"fighting",62.0,135.0,95.0,68.0,82.0,65.0
866,"mr-rime",182,"ice",80.0,85.0,75.0,110.0,100.0,70.0
867,"runerigus",169,"ground",58.0,95.0,145.0,50.0,105.0,30.0
868,"milcery",54,"fairy",45.0,40.0,40.0,50.0,61.0,34.0
869,"alcremie",173,"fairy",65.0,60.0,75.0,110.0,121.0,64.0
870,"falinks",165,"fighting",65.0,100.0,100.0,70.0,60.0,75.0
871,"pincurchin",152,"electric",48.0,101.0,95.0,91.0,85.0,15.0
872,"snom",37,"ice",30.0,25.0,35.0,45.0,30.0,20.0
873,"frosmoth",166,"ice",70.0,65.0,60.0,125.0,90.0,65.0
874,"stonjourner",165,"rock",100.0,125.0,135.0,20.0,20.0,70.0
875,"eiscue-ice",165,"ice",75.0,80.0,110.0,65.0,90.0,50.0
876,"indeedee-male",166,"psychic",60.0,65.0,55.0,105.0,95.0,95.0
877,"morpeko-full-belly",153,"electric",58.0,95.0,58.0,70.0,58.0,97.0
878,"cufant",66,"steel",72.0,80.0,49.0,40.0,49.0,40.0
879,"copperajah",175,"steel",122.0,130.0,69.0,80.0,69.0,30.0
880,"dracozolt",177,"electric",90.0,100.0,90.0,80.0,70.0,75.0
881,"arctozolt",177,"electric",90.0,100.0,90.0,90.0,80.0,55.0
882,"dracovish",177,"water",90.0,90.0,100.0,70.0,80.0,75.0
883,"arctovish",177,"water",90.0,90.0,100.0,80.0,90.0,55.0
884,"duraludon",187,"steel",70.0,95.0,115.0,120.0,50.0,85.0
885,"dreepy",54,"dragon",28.0,60.0,30.0,40.0,30.0,82.0
886,"drakloak",144,"dragon",68.0,80.0,50.0,60.0,50.0,102.0
887,"dragapult",300,"dragon",88.0,120.0,75.0,100.0,75.0,142.0
888,"zacian",335,"fairy",92.0,130.0,115.0,80.0,115.0,138.0
889,"zamazenta",335,"fighting",92.0,130.0,115.0,80.0,115.0,138.0
890,"eternatus",345,"poison",140.0,85.0,95.0,145.0,95.0,130.0
891,"kubfu",77,"fighting",60.0,90.0,60.0,53.0,50.0,72.0
892,"urshifu-single-strike",275,"fighting",100.0,130.0,100.0,63.0,60.0,97.0
893,"zarude",300,"dark",105.0,120.0,105.0,70.0,95.0,105.0
894,"regieleki",290,"electric",80.0,100.0,50.0,100.0,50.0,200.0
895,"regidrago",290,"dragon",200.0,100.0,50.0,100.0,50.0,80.0
896,"glastrier",290,"ice",100.0,145.0,130.0,65.0,110.0,30.0
897,"spectrier",290,"ghost",100.0,65.0,60.0,145.0,80.0,130.0
898,"calyrex",250,"psychic",100.0,80.0,80.0,80.0,80.0,80.0
