"name","type","hp","attack","defense","special_attack","special_defense","speed","xp_reward","move1","move2","move3","move4","xp_accumulated","level"
"Bulbasaur","Grass",45,49,49,65,65,45,82,"Thunderbolt","Tackle","Water Gun","Flamethrower",0,0
"Ivysaur","Grass",60,62,63,80,80,60,82,"Thunderbolt","Tackle","Water Gun","Flamethrower",0,0
"Venusaur","Grass",80,82,83,100,100,80,82,"Thunderbolt","Tackle","Water Gun","Flamethrower",0,0
"VenusaurMega Venusaur","Grass",80,100,123,122,120,80,82,"Thunderbolt","Tackle","Water Gun","Flamethrower",0,0
"Charmander","Fire",39,52,43,60,50,65,82,"Thunderbolt","Tackle","Water Gun","Flamethrower",0,0
"Charmeleon","Fire",58,64,58,80,65,80,82,"Thunderbolt","Tackle","Water Gun","Flamethrower",0,0
"Charizard","Fire",78,84,78,109,85,100,82,"Thunderbolt","Tackle","Water Gun","Flamethrower",0,0
"CharizardMega Charizard X","Fire",78,130,111,130,85,100,82,"Thunderbolt","Tackle","Water Gun","Flamethrower",0,0
"CharizardMega Charizard Y","Fire",78,104,78,159,115,100,82,"Thunderbolt","Tackle","Water Gun","Flamethrower",0,0
"Squirtle","Water",44,48,65,50,64,43,82,"Thunderbolt","Tackle","Water Gun","Flamethrower",0,0
"Wartortle","Water",59,63,80,65,80,58,82,"Thunderbolt","Tackle","Water Gun","Flamethrower",0,0
"Blastoise","Water",79,83,100,85,105,78,82,"Thunderbolt","Tackle","Water Gun","Flamethrower",0,0
"BlastoiseMega Blastoise","Water",79,103,120,135,115,78,82,"Thunderbolt","Tackle","Water Gun","Flamethrower",0,0
"Caterpie","Bug",45,30,35,20,20,45,82,"Thunderbolt","Tackle","Water Gun","Flamethrower",0,0
"Metapod","Bug",50,20,55,25,25,30,82,"Thunderbolt","Tackle","Water Gun","Flamethrower",0,0
"Butterfree","Bug",60,45,50,90,80,70,82,"Thunderbolt","Tackle","Water Gun","Flamethrower",0,0
"Weedle","Bug",40,35,30,20,20,50,82,"Thunderbolt","Tackle","Water Gun","Flamethrower",0,0
"Kakuna","Bug",45,25,50,25,25,35,82,"Thunderbolt","Tackle","Water Gun","Flamethrower",0,0
"Beedrill","Bug",65,90,40,45,80,75,82,"Thunderbolt","Tackle","Water Gun","Flamethrower",0,0
"BeedrillMega Beedrill","Bug",65,150,40,15,80,145,82,"Thunderbolt","Tackle","Water Gun","Flamethrower",0,0
"Pidgey","Normal",40,45,40,35,35,56,82,"Thunderbolt","Tackle","Water Gun","Flamethrower",0,0
"Pidgeotto","Normal",63,60,55,50,50,71,82,"Thunderbolt","Tackle","Water Gun","Flamethrower",0,0
"Pidgeot","Normal",83,80,75,70,70,101,82,"Thunderbolt","Tackle","Water Gun","Flamethrower",0,0
"PidgeotMega Pidgeot","Normal",83,80,80,135,80,121,82,"Thunderbolt","Tackle","Water Gun","Flamethrower",0,0
"Rattata","Normal",30,56,35,25,35,72,82,"Thunderbolt","Tackle","Water Gun","Flamethrower",0,0
"Raticate","Normal",55,81,60,50,70,97,82,"Thunderbolt","Tackle","Water Gun","Flamethrower",0,0
"Spearow","Normal",40,60,30,31,31,70,82,"Thunderbolt","Tackle","Water Gun","Flamethrower",0,0
"Fearow","Normal",65,90,65,61,61,100,82,"Thunderbolt","Tackle","Water Gun","Flamethrower",0,0
"Ekans","Poison",35,60,44,40,54,55,82,"Thunderbolt","Tackle","Water Gun","Flamethrower",0,0
"Arbok","Poison",60,85,69,65,79,80,82,"Thunderbolt","Tackle","Water Gun","Flamethrower",0,0
"Pikachu","Electric",35,55,40,50,50,90,82,"Thunderbolt","Tackle","Water Gun","Flamethrower",0,0
"Raichu","Electric",60,90,55,90,80,110,82,"Thunderbolt","Tackle","Water Gun","Flamethrower",0,0
"Sandshrew","Ground",50,75,85,20,30,40,82,"Thunderbolt","Tackle","Water Gun","Flamethrower",0,0
"Sandslash","Ground",75,100,110,45,55,65,82,"Thunderbolt","Tackle","Water Gun","Flamethrower",0,0
"Nidoran♀","Poison",55,47,52,40,40,41,82,"Thunderbolt","Tackle","Water Gun","Flamethrower",0,0
"Nidorina","Poison",70,62,67,55,55,56,82,"Thunderbolt","Tackle","Water Gun","Flamethrower",0,0
"Nidoqueen","Poison",90,92,87,75,85,76,82,"Thunderbolt","Tackle","Water Gun","Flamethrower",0,0
"Nidoran♂","Poison",46,57,40,40,40,50,82,"Thunderbolt","Tackle","Water Gun","Flamethrower",0,0
"Nidorino","Poison",61,72,57,55,55,65,82,"Thunderbolt","Tackle","Water Gun","Flamethrower",0,0
"Nidoking","Poison",81,102,77,85,75,85,82,"Thunderbolt","Tackle","Water Gun","Flamethrower",0,0
"Clefairy","Fairy",70,45,48,60,65,35,82,"Thunderbolt","Tackle","Water Gun","Flamethrower",0,0
"Clefable","Fairy",95,70,73,95,90,60,82,"Thunderbolt","Tackle","Water Gun","Flamethrower",0,0
"Vulpix","Fire",38,41,40,50,65,65,82,"Thunderbolt","Tackle","Water Gun","Flamethrower",0,0
"Ninetales","Fire",73,76,75,81,100,100,82,"Thunderbolt","Tackle","Water Gun","Flamethrower",0,0
"Jigglypuff","Normal",115,45,20,45,25,20,82,"Thunderbolt","Tackle","Water Gun","Flamethrower",0,0
"Wigglytuff","Normal",140,70,45,85,50,45,82,"Thunderbolt","Tackle","Water Gun","Flamethrower",0,0
"Zubat","Poison",40,45,35,30,40,55,82,"Thunderbolt","Tackle","Water Gun","Flamethrower",0,0
"Golbat","Poison",75,80,70,65,75,90,82,"Thunderbolt","Tackle","Water Gun","Flamethrower",0,0
"Oddish","Grass",45,50,55,75,65,30,82,"Thunderbolt","Tackle","Water Gun","Flamethrower",0,0
"Gloom","Grass",60,65,70,85,75,40,82,"Thunderbolt","Tackle","Water Gun","Flamethrower",0,0
"Vileplume","Grass",75,80,85,110,90,50,82,"Thunderbolt","Tackle","Water Gun","Flamethrower",0,0
"Paras","Bug",35,70,55,45,55,25,82,"Thunderbolt","Tackle","Water Gun","Flamethrower",0,0
"Parasect","Bug",60,95,80,60,80,30,82,"Thunderbolt","Tackle","Water Gun","Flamethrower",0,0
"Venonat","Bug",60,55,50,40,55,45,82,"Thunderbolt","Tackle","Water Gun","Flamethrower",0,0
"Venomoth","Bug",70,65,60,90,75,90,82,"Thunderbolt","Tackle","Water Gun","Flamethrower",0,0
"Diglett","Ground",10,55,25,35,45,95,82,"Thunderbolt","Tackle","Water Gun","Flamethrower",0,0
"Dugtrio","Ground",35,80,50,50,70,120,82,"Thunderbolt","Tackle","Water Gun","Flamethrower",0,0
"Meowth","Normal",40,45,35,40,40,90,82,"Thunderbolt","Tackle","Water Gun","Flamethrower",0,0
"Persian","Normal",65,70,60,65,65,115,82,"Thunderbolt","Tackle","Water Gun","Flamethrower",0,0
"Psyduck","Water",50,52,48,65,50,55,82,"Thunderbolt","Tackle","Water Gun","Flamethrower",0,0
"Golduck","Water",80,82,78,95,80,85,82,"Thunderbolt","Tackle","Water Gun","Flamethrower",0,0
"Mankey","Fighting",40,80,35,35,45,70,82,"Thunderbolt","Tackle","Water Gun","Flamethrower",0,0
"Primeape","Fighting",65,105,60,60,70,95,82,"Thunderbolt","Tackle","Water Gun","Flamethrower",0,0
"Growlithe","Fire",55,70,45,70,50,60,82,"Thunderbolt","Tackle","Water Gun","Flamethrower",0,0
"Arcanine","Fire",90,110,80,100,80,95,82,"Thunderbolt","Tackle","Water Gun","Flamethrower",0,0
"Poliwag","Water",40,50,40,40,40,90,82,"Thunderbolt","Tackle","Water Gun","Flamethrower",0,0
"Poliwhirl","Water",65,65,65,50,50,90,82,"Thunderbolt","Tackle","Water Gun","Flamethrower",0,0
"Poliwrath","Water",90,95,95,70,90,70,82,"Thunderbolt","Tackle","Water Gun","Flamethrower",0,0
"Abra","Psychic",25,20,15,105,55,90,82,"Thunderbolt","Tackle","Water Gun","Flamethrower",0,0
"Kadabra","Psychic",40,35,30,120,70,105,82,"Thunderbolt","Tackle","Water Gun","Flamethrower",0,0
"Alakazam","Psychic",55,50,45,135,95,120,82,"Thunderbolt","Tackle","Water Gun","Flamethrower",0,0
"AlakazamMega Alakazam","Psychic",55,50,65,175,95,150,82,"Thunderbolt","Tackle","Water Gun","Flamethrower",0,0
"Machop","Fighting",70,80,50,35,35,35,82,"Thunderbolt","Tackle","Water Gun","Flamethrower",0,0
"Machoke","Fighting",80,100,70,50,60,45,82,"Thunderbolt","Tackle","Water Gun","Flamethrower",0,0
"Machamp","Fighting",90,130,80,65,85,55,82,"Thunderbolt","Tackle","Water Gun","Flamethrower",0,0
"Bellsprout","Grass",50,75,35,70,30,40,82,"Thunderbolt","Tackle","Water Gun","Flamethrower",0,0
"Weepinbell","Grass",65,90,50,85,45,55,82,"Thunderbolt","Tackle","Water Gun","Flamethrower",0,0
"Victreebel","Grass",80,105,65,100,70,70,82,"Thunderbolt","Tackle","Water Gun","Flamethrower",0,0
"Tentacool","Water",40,40,35,50,100,70,82,"Thunderbolt","Tackle","Water Gun","Flamethrower",0,0
"Tentacruel","Water",80,70,65,80,120,100,82,"Thunderbolt","Tackle","Water Gun","Flamethrower",0,0
"Geodude","Rock",40,80,100,30,30,20,82,"Thunderbolt","Tackle","Water Gun","Flamethrower",0,0
"Graveler","Rock",55,95,115,45,45,35,82,"Thunderbolt","Tackle","Water Gun","Flamethrower",0,0
"Golem","Rock",80,120,130,55,65,45,82,"Thunderbolt","Tackle","Water Gun","Flamethrower",0,0
"Ponyta","Fire",50,85,55,65,65,90,82,"Thunderbolt","Tackle","Water Gun","Flamethrower",0,0
"Rapidash","Fire",65,100,70,80,80,105,82,"Thunderbolt","Tackle","Water Gun","Flamethrower",0,0
"Slowpoke","Water",90,65,65,40,40,15,82,"Thunderbolt","Tackle","Water Gun","Flamethrower",0,0
"Slowbro","Water",95,75,110,100,80,30,82,"Thunderbolt","Tackle","Water Gun","Flamethrower",0,0
"SlowbroMega Slowbro","Water",95,75,180,130,80,30,82,"Thunderbolt","Tackle","Water Gun","Flamethrower",0,0
"Magnemite","Electric",25,35,70,95,55,45,82,"Thunderbolt","Tackle","Water Gun","Flamethrower",0,0
"Magneton","Electric",50,60,95,120,70,70,82,"Thunderbolt","Tackle","Water Gun","Flamethrower",0,0
"Farfetch'd","Normal",52,65,55,58,62,60,82,"Thunderbolt","Tackle","Water Gun","Flamethrower",0,0
"Doduo","Normal",35,85,45,35,35,75,82,"Thunderbolt","Tackle","Water Gun","Flamethrower",0,0
"Dodrio","Normal",60,110,70,60,60,100,82,"Thunderbolt","Tackle","Water Gun","Flamethrower",0,0
"Seel","Water",65,45,55,45,70,45,82,"Thunderbolt","Tackle","Water Gun","Flamethrower",0,0
"Dewgong","Water",90,70,80,70,95,70,82,"Thunderbolt","Tackle","Water Gun","Flamethrower",0,0
"Grimer","Poison",80,80,50,40,50,25,82,"Thunderbolt","Tackle","Water Gun","Flamethrower",0,0
"Muk","Poison",105,105,75,65,100,50,82,"Thunderbolt","Tackle","Water Gun","Flamethrower",0,0
"Shellder","Water",30,65,100,45,25,40,82,"Thunderbolt","Tackle","Water Gun","Flamethrower",0,0
"Cloyster","Water",50,95,180,85,45,70,82,"Thunderbolt","Tackle","Water Gun","Flamethrower",0,0
"Gastly","Ghost",30,35,30,100,35,80,82,"Thunderbolt","Tackle","Water Gun","Flamethrower",0,0
"Haunter","Ghost",45,50,45,115,55,95,82,"Thunderbolt","Tackle","Water Gun","Flamethrower",0,0
"Gengar","Ghost",60,65,60,130,75,110,82,"Thunderbolt","Tackle","Water Gun","Flamethrower",0,0
"GengarMega Gengar","Ghost",60,65,80,170,95,130,82,"Thunderbolt","Tackle","Water Gun","Flamethrower",0,0
"Onix","Rock",35,45,160,30,45,70,82,"Thunderbolt","Tackle","Water Gun","Flamethrower",0,0
"Drowzee","Psychic",60,48,45,43,90,42,82,"Thunderbolt","Tackle","Water Gun","Flamethrower",0,0
"Hypno","Psychic",85,73,70,73,115,67,82,"Thunderbolt","Tackle","Water Gun","Flamethrower",0,0
"Krabby","Water",30,105,90,25,25,50,82,"Thunderbolt","Tackle","Water Gun","Flamethrower",0,0
"Kingler","Water",55,130,115,50,50,75,82,"Thunderbolt","Tackle","Water Gun","Flamethrower",0,0
"Voltorb","Electric",40,30,50,55,55,100,82,"Thunderbolt","Tackle","Water Gun","Flamethrower",0,0
"Electrode","Electric",60,50,70,80,80,140,82,"Thunderbolt","Tackle","Water Gun","Flamethrower",0,0
"Exeggcute","Grass",60,40,80,60,45,40,82,"Thunderbolt","Tackle","Water Gun","Flamethrower",0,0
"Exeggutor","Grass",95,95,85,125,65,55,82,"Thunderbolt","Tackle","Water Gun","Flamethrower",0,0
"Cubone","Ground",50,50,95,40,50,35,82,"Thunderbolt","Tackle","Water Gun","Flamethrower",0,0
"Marowak","Ground",60,80,110,50,80,45,82,"Thunderbolt","Tackle","Water Gun","Flamethrower",0,0
"Hitmonlee","Fighting",50,120,53,35,110,87,82,"Thunderbolt","Tackle","Water Gun","Flamethrower",0,0
"Hitmonchan","Fighting",50,105,79,35,110,76,82,"Thunderbolt","Tackle","Water Gun","Flamethrower",0,0
"Lickitung","Normal",90,55,75,60,75,30,82,"Thunderbolt","Tackle","Water Gun","Flamethrower",0,0
"Koffing","Poison",40,65,95,60,45,35,82,"Thunderbolt","Tackle","Water Gun","Flamethrower",0,0
"Weezing","Poison",65,90,120,85,70,60,82,"Thunderbolt","Tackle","Water Gun","Flamethrower",0,0
"Rhyhorn","Ground",80,85,95,30,30,25,82,"Thunderbolt","Tackle","Water Gun","Flamethrower",0,0
"Rhydon","Ground",105,130,120,45,45,40,82,"Thunderbolt","Tackle","Water Gun","Flamethrower",0,0
"Chansey","Normal",250,5,5,35,105,50,82,"Thunderbolt","Tackle","Water Gun","Flamethrower",0,0
"Tangela","Grass",65,55,115,100,40,60,82,"Thunderbolt","Tackle","Water Gun","Flamethrower",0,0
"Kangaskhan","Normal",105,95,80,40,80,90,82,"Thunderbolt","Tackle","Water Gun","Flamethrower",0,0
"KangaskhanMega Kangaskhan","Normal",105,125,100,60,100,100,82,"Thunderbolt","Tackle","Water Gun","Flamethrower",0,0
"Horsea","Water",30,40,70,70,25,60,82,"Thunderbolt","Tackle","Water Gun","Flamethrower",0,0
"Seadra","Water",55,65,95,95,45,85,82,"Thunderbolt","Tackle","Water Gun","Flamethrower",0,0
"Goldeen","Water",45,67,60,35,50,63,82,"Thunderbolt","Tackle","Water Gun","Flamethrower",0,0
"Seaking","Water",80,92,65,65,80,68,82,"Thunderbolt","Tackle","Water Gun","Flamethrower",0,0
"Staryu","Water",30,45,55,70,55,85,82,"Thunderbolt","Tackle","Water Gun","Flamethrower",0,0
"Starmie","Water",60,75,85,100,85,115,82,"Thunderbolt","Tackle","Water Gun","Flamethrower",0,0
"Mr. Mime","Psychic",40,45,65,100,120,90,82,"Thunderbolt","Tackle","Water Gun","Flamethrower",0,0
"Scyther","Bug",70,110,80,55,80,105,82,"Thunderbolt","Tackle","Water Gun","Flamethrower",0,0
"Jynx","Ice",65,50,35,115,95,95,82,"Thunderbolt","Tackle","Water Gun","Flamethrower",0,0
"Electabuzz","Electric",65,83,57,95,85,105,82,"Thunderbolt","Tackle","Water Gun","Flamethrower",0,0
"Magmar","Fire",65,95,57,100,85,93,82,"Thunderbolt","Tackle","Water Gun","Flamethrower",0,0
"Pinsir","Bug",65,125,100,55,70,85,82,"Thunderbolt","Tackle","Water Gun","Flamethrower",0,0
"PinsirMega Pinsir","Bug",65,155,120,65,90,105,82,"Thunderbolt","Tackle","Water Gun","Flamethrower",0,0
"Tauros","Normal",75,100,95,40,70,110,82,"Thunderbolt","Tackle","Water Gun","Flamethrower",0,0
"Magikarp","Water",20,10,55,15,20,80,82,"Thunderbolt","Tackle","Water Gun","Flamethrower",0,0
"Gyarados","Water",95,125,79,60,100,81,82,"Thunderbolt","Tackle","Water Gun","Flamethrower",0,0
"GyaradosMega Gyarados","Water",95,155,109,70,130,81,82,"Thunderbolt","Tackle","Water Gun","Flamethrower",0,0
"Lapras","Water",130,85,80,85,95,60,82,"Thunderbolt","Tackle","Water Gun","Flamethrower",0,0
"Ditto","Normal",48,48,48,48,48,48,82,"Thunderbolt","Tackle","Water Gun","Flamethrower",0,0
"Eevee","Normal",55,55,50,45,65,55,82,"Thunderbolt","Tackle","Water Gun","Flamethrower",0,0
"Vaporeon","Water",130,65,60,110,95,65,82,"Thunderbolt","Tackle","Water Gun","Flamethrower",0,0
"Jolteon","Electric",65,65,60,110,95,130,82,"Thunderbolt","Tackle","Water Gun","Flamethrower",0,0
"Flareon","Fire",65,130,60,95,110,65,82,"Thunderbolt","Tackle","Water Gun","Flamethrower",0,0
"Porygon","Normal",65,60,70,85,75,40,82,"Thunderbolt","Tackle","Water Gun","Flamethrower",0,0
"Omanyte","Rock",35,40,100,90,55,35,82,"Thunderbolt","Tackle","Water Gun","Flamethrower",0,0
"Omastar","Rock",70,60,125,115,70,55,82,"Thunderbolt","Tackle","Water Gun","Flamethrower",0,0
"Kabuto","Rock",30,80,90,55,45,55,82,"Thunderbolt","Tackle","Water Gun","Flamethrower",0,0
"Kabutops","Rock",60,115,105,65,70,80,82,"Thunderbolt","Tackle","Water Gun","Flamethrower",0,0
"Aerodactyl","Rock",80,105,65,60,75,130,82,"Thunderbolt","Tackle","Water Gun","Flamethrower",0,0
"AerodactylMega Aerodactyl","Rock",80,135,85,70,95,150,82,"Thunderbolt","Tackle","Water Gun","Flamethrower",0,0
"Snorlax","Normal",160,110,65,65,110,30,82,"Thunderbolt","Tackle","Water Gun","Flamethrower",0,0
"Articuno","Ice",90,85,100,95,125,85,82,"Thunderbolt","Tackle","Water Gun","Flamethrower",0,0
"Zapdos","Electric",90,90,85,125,90,100,82,"Thunderbolt","Tackle","Water Gun","Flamethrower",0,0
"Moltres","Fire",90,100,90,125,85,90,82,"Thunderbolt","Tackle","Water Gun","Flamethrower",0,0
"Dratini","Dragon",41,64,45,50,50,50,82,"Thunderbolt","Tackle","Water Gun","Flamethrower",0,0
"Dragonair","Dragon",61,84,65,70,70,70,82,"Thunderbolt","Tackle","Water Gun","Flamethrower",0,0
"Dragonite","Dragon",91,134,95,100,100,80,82,"Thunderbolt","Tackle","Water Gun","Flamethrower",0,0
"Mewtwo","Psychic",106,110,90,154,90,130,82,"Thunderbolt","Tackle","Water Gun","Flamethrower",0,0
"MewtwoMega Mewtwo X","Psychic",106,190,100,154,100,130,82,"Thunderbolt","Tackle","Water Gun","Flamethrower",0,0
"MewtwoMega Mewtwo Y","Psychic",106,150,70,194,120,140,82,"Thunderbolt","Tackle","Water Gun","Flamethrower",0,0
"Mew","Psychic",100,100,100,100,100,100,82,"Thunderbolt","Tackle","Water Gun","Flamethrower",0,0
"Chikorita","Grass",45,49,65,49,65,45,82,"Thunderbolt","Tackle","Water Gun","Flamethrower",0,0
"Bayleef","Grass",60,62,80,63,80,60,82,"Thunderbolt","Tackle","Water Gun","Flamethrower",0,0
"Meganium","Grass",80,82,100,83,100,80,82,"Thunderbolt","Tackle","Water Gun","Flamethrower",0,0
"Cyndaquil","Fire",39,52,43,60,50,65,82,"Thunderbolt","Tackle","Water Gun","Flamethrower",0,0
"Quilava","Fire",58,64,58,80,65,80,82,"Thunderbolt","Tackle","Water Gun","Flamethrower",0,0
"Typhlosion","Fire",78,84,78,109,85,100,82,"Thunderbolt","Tackle","Water Gun","Flamethrower",0,0
"Totodile","Water",50,65,64,44,48,43,82,"Thunderbolt","Tackle","Water Gun","Flamethrower",0,0
"Croconaw","Water",65,80,80,59,63,58,82,"Thunderbolt","Tackle","Water Gun","Flamethrower",0,0
"Feraligatr","Water",85,105,100,79,83,78,82,"Thunderbolt","Tackle","Water Gun","Flamethrower",0,0
"Sentret","Normal",35,46,34,35,45,20,82,"Thunderbolt","Tackle","Water Gun","Flamethrower",0,0
"Furret","Normal",85,76,64,45,55,90,82,"Thunderbolt","Tackle","Water Gun","Flamethrower",0,0
"Hoothoot","Normal",60,30,30,36,56,50,82,"Thunderbolt","Tackle","Water Gun","Flamethrower",0,0
"Noctowl","Normal",100,50,50,76,96,70,82,"Thunderbolt","Tackle","Water Gun","Flamethrower",0,0
"Ledyba","Bug",40,20,30,40,80,55,82,"Thunderbolt","Tackle","Water Gun","Flamethrower",0,0
"Ledian","Bug",55,35,50,55,110,85,82,"Thunderbolt","Tackle","Water Gun","Flamethrower",0,0
"Spinarak","Bug",40,60,40,40,40,30,82,"Thunderbolt","Tackle","Water Gun","Flamethrower",0,0
"Ariados","Bug",70,90,70,60,60,40,82,"Thunderbolt","Tackle","Water Gun","Flamethrower",0,0
"Crobat","Poison",85,90,80,70,80,130,82,"Thunderbolt","Tackle","Water Gun","Flamethrower",0,0
"Chinchou","Water",75,38,38,56,56,67,82,"Thunderbolt","Tackle","Water Gun","Flamethrower",0,0
"Lanturn","Water",125,58,58,76,76,67,82,"Thunderbolt","Tackle","Water Gun","Flamethrower",0,0
"Pichu","Electric",20,40,15,35,35,60,82,"Thunderbolt","Tackle","Water Gun","Flamethrower",0,0
"Cleffa","Fairy",50,25,28,45,55,15,82,"Thunderbolt","Tackle","Water Gun","Flamethrower",0,0
"Igglybuff","Normal",90,30,15,40,20,15,82,"Thunderbolt","Tackle","Water Gun","Flamethrower",0,0
"Togepi","Fairy",35,20,65,40,65,20,82,"Thunderbolt","Tackle","Water Gun","Flamethrower",0,0
"Togetic","Fairy",55,40,85,80,105,40,82,"Thunderbolt","Tackle","Water Gun","Flamethrower",0,0
"Natu","Psychic",40,50,45,70,45,70,82,"Thunderbolt","Tackle","Water Gun","Flamethrower",0,0
"Xatu","Psychic",65,75,70,95,70,95,82,"Thunderbolt","Tackle","Water Gun","Flamethrower",0,0
"Mareep","Electric",55,40,40,65,45,35,82,"Thunderbolt","Tackle","Water Gun","Flamethrower",0,0
"Flaaffy","Electric",70,55,55,80,60,45,82,"Thunderbolt","Tackle","Water Gun","Flamethrower",0,0
"Ampharos","Electric",90,75,85,115,90,55,82,"Thunderbolt","Tackle","Water Gun","Flamethrower",0,0
"AmpharosMega Ampharos","Electric",90,95,105,165,110,45,82,"Thunderbolt","Tackle","Water Gun","Flamethrower",0,0
"Bellossom","Grass",75,80,95,90,100,50,82,"Thunderbolt","Tackle","Water Gun","Flamethrower",0,0
"Marill","Water",70,20,50,20,50,40,82,"Thunderbolt","Tackle","Water Gun","Flamethrower",0,0
"Azumarill","Water",100,50,80,60,80,50,82,"Thunderbolt","Tackle","Water Gun","Flamethrower",0,0
"Sudowoodo","Rock",70,100,115,30,65,30,82,"Thunderbolt","Tackle","Water Gun","Flamethrower",0,0
"Politoed","Water",90,75,75,90,100,70,82,"Thunderbolt","Tackle","Water Gun","Flamethrower",0,0
"Hoppip","Grass",35,35,40,35,55,50,82,"Thunderbolt","Tackle","Water Gun","Flamethrower",0,0
"Skiploom","Grass",55,45,50,45,65,80,82,"Thunderbolt","Tackle","Water Gun","Flamethrower",0,0
"Jumpluff","Grass",75,55,70,55,95,110,82,"Thunderbolt","Tackle","Water Gun","Flamethrower",0,0
"Aipom","Normal",55,70,55,40,55,85,82,"Thunderbolt","Tackle","Water Gun","Flamethrower",0,0
"Sunkern","Grass",30,30,30,30,30,30,82,"Thunderbolt","Tackle","Water Gun","Flamethrower",0,0
"Sunflora","Grass",75,75,55,105,85,30,82,"Thunderbolt","Tackle","Water Gun","Flamethrower",0,0
"Yanma","Bug",65,65,45,75,45,95,82,"Thunderbolt","Tackle","Water Gun","Flamethrower",0,0
"Wooper","Water",55,45,45,25,25,15,82,"Thunderbolt","Tackle","Water Gun","Flamethrower",0,0
"Quagsire","Water",95,85,85,65,65,35,82,"Thunderbolt","Tackle","Water Gun","Flamethrower",0,0
"Espeon","Psychic",65,65,60,130,95,110,82,"Thunderbolt","Tackle","Water Gun","Flamethrower",0,0
"Umbreon","Dark",95,65,110,60,130,65,82,"Thunderbolt","Tackle","Water Gun","Flamethrower",0,0
"Murkrow","Dark",60,85,42,85,42,91,82,"Thunderbolt","Tackle","Water Gun","Flamethrower",0,0
"Slowking","Water",95,75,80,100,110,30,82,"Thunderbolt","Tackle","Water Gun","Flamethrower",0,0
"Misdreavus","Ghost",60,60,60,85,85,85,82,"Thunderbolt","Tackle","Water Gun","Flamethrower",0,0
"Unown","Psychic",48,72,48,72,48,48,82,"Thunderbolt","Tackle","Water Gun","Flamethrower",0,0
"Wobbuffet","Psychic",190,33,58,33,58,33,82,"Thunderbolt","Tackle","Water Gun","Flamethrower",0,0
"Girafarig","Normal",70,80,65,90,65,85,82,"Thunderbolt","Tackle","Water Gun","Flamethrower",0,0
"Pineco","Bug",50,65,90,35,35,15,82,"Thunderbolt","Tackle","Water Gun","Flamethrower",0,0
"Forretress","Bug",75,90,140,60,60,40,82,"Thunderbolt","Tackle","Water Gun","Flamethrower",0,0
"Dunsparce","Normal",100,70,70,65,65,45,82,"Thunderbolt","Tackle","Water Gun","Flamethrower",0,0
"Gligar","Ground",65,75,105,35,65,85,82,"Thunderbolt","Tackle","Water Gun","Flamethrower",0,0
"Steelix","Steel",75,85,200,55,65,30,82,"Thunderbolt","Tackle","Water Gun","Flamethrower",0,0
"SteelixMega Steelix","Steel",75,125,230,55,95,30,82,"Thunderbolt","Tackle","Water Gun","Flamethrower",0,0
"Snubbull","Fairy",60,80,50,40,40,30,82,"Thunderbolt","Tackle","Water Gun","Flamethrower",0,0
"Granbull","Fairy",90,120,75,60,60,45,82,"Thunderbolt","Tackle","Water Gun","Flamethrower",0,0
"Qwilfish","Water",65,95,75,55,55,85,82,"Thunderbolt","Tackle","Water Gun","Flamethrower",0,0
"Scizor","Bug",70,130,100,55,80,65,82,"Thunderbolt","Tackle","Water Gun","Flamethrower",0,0
"ScizorMega Scizor","Bug",70,150,140,65,100,75,82,"Thunderbolt","Tackle","Water Gun","Flamethrower",0,0
"Shuckle","Bug",20,10,230,10,230,5,82,"Thunderbolt","Tackle","Water Gun","Flamethrower",0,0
"Heracross","Bug",80,125,75,40,95,85,82,"Thunderbolt","Tackle","Water Gun","Flamethrower",0,0
"HeracrossMega Heracross","Bug",80,185,115,40,105,75,82,"Thunderbolt","Tackle","Water Gun","Flamethrower",0,0
"Sneasel","Dark",55,95,55,35,75,115,82,"Thunderbolt","Tackle","Water Gun","Flamethrower",0,0
"Teddiursa","Normal",60,80,50,50,50,40,82,"Thunderbolt","Tackle","Water Gun","Flamethrower",0,0
"Ursaring","Normal",90,130,75,75,75,55,82,"Thunderbolt","Tackle","Water Gun","Flamethrower",0,0
"Slugma","Fire",40,40,40,70,40,20,82,"Thunderbolt","Tackle","Water Gun","Flamethrower",0,0
"Magcargo","Fire",50,50,120,80,80,30,82,"Thunderbolt","Tackle","Water Gun","Flamethrower",0,0
"Swinub","Ice",50,50,40,30,30,50,82,"Thunderbolt","Tackle","Water Gun","Flamethrower",0,0
"Piloswine","Ice",100,100,80,60,60,50,82,"Thunderbolt","Tackle","Water Gun","Flamethrower",0,0
"Corsola","Water",55,55,85,65,85,35,82,"Thunderbolt","Tackle","Water Gun","Flamethrower",0,0
"Remoraid","Water",35,65,35,65,35,65,82,"Thunderbolt","Tackle","Water Gun","Flamethrower",0,0
"Octillery","Water",75,105,75,105,75,45,82,"Thunderbolt","Tackle","Water Gun","Flamethrower",0,0
"Delibird","Ice",45,55,45,65,45,75,82,"Thunderbolt","Tackle","Water Gun","Flamethrower",0,0
"Mantine","Water",65,40,70,80,140,70,82,"Thunderbolt","Tackle","Water Gun","Flamethrower",0,0
"Skarmory","Steel",65,80,140,40,70,70,82,"Thunderbolt","Tackle","Water Gun","Flamethrower",0,0
"Houndour","Dark",45,60,30,80,50,65,82,"Thunderbolt","Tackle","Water Gun","Flamethrower",0,0
"Houndoom","Dark",75,90,50,110,80,95,82,"Thunderbolt","Tackle","Water Gun","Flamethrower",0,0
"HoundoomMega Houndoom","Dark",75,90,90,140,90,115,82,"Thunderbolt","Tackle","Water Gun","Flamethrower",0,0
"Kingdra","Water",75,95,95,95,95,85,82,"Thunderbolt","Tackle","Water Gun","Flamethrower",0,0
"Phanpy","Ground",90,60,60,40,40,40,82,"Thunderbolt","Tackle","Water Gun","Flamethrower",0,0
"Donphan","Ground",90,120,120,60,60,50,82,"Thunderbolt","Tackle","Water Gun","Flamethrower",0,0
"Porygon2","Normal",85,80,90,105,95,60,82,"Thunderbolt","Tackle","Water Gun","Flamethrower",0,0
"Stantler","Normal",73,95,62,85,65,85,82,"Thunderbolt","Tackle","Water Gun","Flamethrower",0,0
"Smeargle","Normal",55,20,35,20,45,75,82,"Thunderbolt","Tackle","Water Gun","Flamethrower",0,0
"Tyrogue","Fighting",35,35,35,35,35,35,82,"Thunderbolt","Tackle","Water Gun","Flamethrower",0,0
"Hitmontop","Fighting",50,95,95,35,110,70,82,"Thunderbolt","Tackle","Water Gun","Flamethrower",0,0
"Smoochum","Ice",45,30,15,85,65,65,82,"Thunderbolt","Tackle","Water Gun","Flamethrower",0,0
"Elekid","Electric",45,63,37,65,55,95,82,"Thunderbolt","Tackle","Water Gun","Flamethrower",0,0
"Magby","Fire",45,75,37,70,55,83,82,"Thunderbolt","Tackle","Water Gun","Flamethrower",0,0
"Miltank","Normal",95,80,105,40,70,100,82,"Thunderbolt","Tackle","Water Gun","Flamethrower",0,0
"Blissey","Normal",255,10,10,75,135,55,82,"Thunderbolt","Tackle","Water Gun","Flamethrower",0,0
"Raikou","Electric",90,85,75,115,100,115,82,"Thunderbolt","Tackle","Water Gun","Flamethrower",0,0
"Entei","Fire",115,115,85,90,75,100,82,"Thunderbolt","Tackle","Water Gun","Flamethrower",0,0
"Suicune","Water",100,75,115,90,115,85,82,"Thunderbolt","Tackle","Water Gun","Flamethrower",0,0
"Larvitar","Rock",50,64,50,45,50,41,82,"Thunderbolt","Tackle","Water Gun","Flamethrower",0,0
"Pupitar","Rock",70,84,70,65,70,51,82,"Thunderbolt","Tackle","Water Gun","Flamethrower",0,0
"Tyranitar","Rock",100,134,110,95,100,61,82,"Thunderbolt","Tackle","Water Gun","Flamethrower",0,0
"TyranitarMega Tyranitar","Rock",100,164,150,95,120,71,82,"Thunderbolt","Tackle","Water Gun","Flamethrower",0,0
"Lugia","Psychic",106,90,130,90,154,110,82,"Thunderbolt","Tackle","Water Gun","Flamethrower",0,0
"Ho-oh","Fire",106,130,90,110,154,90,82,"Thunderbolt","Tackle","Water Gun","Flamethrower",0,0
"Celebi","Psychic",100,100,100,100,100,100,82,"Thunderbolt","Tackle","Water Gun","Flamethrower",0,0
"Treecko","Grass",40,45,35,65,55,70,82,"Thunderbolt","Tackle","Water Gun","Flamethrower",0,0
"Grovyle","Grass",50,65,45,85,65,95,82,"Thunderbolt","Tackle","Water Gun","Flamethrower",0,0
"Sceptile","Grass",70,85,65,105,85,120,82,"Thunderbolt","Tackle","Water Gun","Flamethrower",0,0
"SceptileMega Sceptile","Grass",70,110,75,145,85,145,82,"Thunderbolt","Tackle","Water Gun","Flamethrower",0,0
"Torchic","Fire",45,60,40,70,50,45,82,"Thunderbolt","Tackle","Water Gun","Flamethrower",0,0
"Combusken","Fire",60,85,60,85,60,55,82,"Thunderbolt","Tackle","Water Gun","Flamethrower",0,0
"Blaziken","Fire",80,120,70,110,70,80,82,"Thunderbolt","Tackle","Water Gun","Flamethrower",0,0
"BlazikenMega Blaziken","Fire",80,160,80,130,80,100,82,"Thunderbolt","Tackle","Water Gun","Flamethrower",0,0
"Mudkip","Water",50,70,50,50,50,40,82,"Thunderbolt","Tackle","Water Gun","Flamethrower",0,0
"Marshtomp","Water",70,85,70,60,70,50,82,"Thunderbolt","Tackle","Water Gun","Flamethrower",0,0
"Swampert","Water",100,110,90,85,90,60,82,"Thunderbolt","Tackle","Water Gun","Flamethrower",0,0
"SwampertMega Swampert","Water",100,150,110,95,110,70,82,"Thunderbolt","Tackle","Water Gun","Flamethrower",0,0
"Poochyena","Dark",35,55,35,30,30,35,82,"Thunderbolt","Tackle","Water Gun","Flamethrower",0,0
"Mightyena","Dark",70,90,70,60,60,70,82,"Thunderbolt","Tackle","Water Gun","Flamethrower",0,0
"Zigzagoon","Normal",38,30,41,30,41,60,82,"Thunderbolt","Tackle","Water Gun","Flamethrower",0,0
"Linoone","Normal",78,70,61,50,61,100,82,"Thunderbolt","Tackle","Water Gun","Flamethrower",0,0
"Wurmple","Bug",45,45,35,20,30,20,82,"Thunderbolt","Tackle","Water Gun","Flamethrower",0,0
"Silcoon","Bug",50,35,55,25,25,15,82,"Thunderbolt","Tackle","Water Gun","Flamethrower",0,0
"Beautifly","Bug",60,70,50,100,50,65,82,"Thunderbolt","Tackle","Water Gun","Flamethrower",0,0
"Cascoon","Bug",50,35,55,25,25,15,82,"Thunderbolt","Tackle","Water Gun","Flamethrower",0,0
"Dustox","Bug",60,50,70,50,90,65,82,"Thunderbolt","Tackle","Water Gun","Flamethrower",0,0
"Lotad","Water",40,30,30,40,50,30,82,"Thunderbolt","Tackle","Water Gun","Flamethrower",0,0
"Lombre","Water",60,50,50,60,70,50,82,"Thunderbolt","Tackle","Water Gun","Flamethrower",0,0
"Ludicolo","Water",80,70,70,90,100,70,82,"Thunderbolt","Tackle","Water Gun","Flamethrower",0,0
"Seedot","Grass",40,40,50,30,30,30,82,"Thunderbolt","Tackle","Water Gun","Flamethrower",0,0
"Nuzleaf","Grass",70,70,40,60,40,60,82,"Thunderbolt","Tackle","Water Gun","Flamethrower",0,0
"Shiftry","Grass",90,100,60,90,60,80,82,"Thunderbolt","Tackle","Water Gun","Flamethrower",0,0
"Taillow","Normal",40,55,30,30,30,85,82,"Thunderbolt","Tackle","Water Gun","Flamethrower",0,0
"Swellow","Normal",60,85,60,50,50,125,82,"Thunderbolt","Tackle","Water Gun","Flamethrower",0,0
"Wingull","Water",40,30,30,55,30,85,82,"Thunderbolt","Tackle","Water Gun","Flamethrower",0,0
"Pelipper","Water",60,50,100,85,70,65,82,"Thunderbolt","Tackle","Water Gun","Flamethrower",0,0
"Ralts","Psychic",28,25,25,45,35,40,82,"Thunderbolt","Tackle","Water Gun","Flamethrower",0,0
"Kirlia","Psychic",38,35,35,65,55,50,82,"Thunderbolt","Tackle","Water Gun","Flamethrower",0,0
"Gardevoir","Psychic",68,65,65,125,115,80,82,"Thunderbolt","Tackle","Water Gun","Flamethrower",0,0
"GardevoirMega Gardevoir","Psychic",68,85,65,165,135,100,82,"Thunderbolt","Tackle","Water Gun","Flamethrower",0,0
"Surskit","Bug",40,30,32,50,52,65,82,"Thunderbolt","Tackle","Water Gun","Flamethrower",0,0
"Masquerain","Bug",70,60,62,80,82,60,82,"Thunderbolt","Tackle","Water Gun","Flamethrower",0,0
"Shroomish","Grass",60,40,60,40,60,35,82,"Thunderbolt","Tackle","Water Gun","Flamethrower",0,0
"Breloom","Grass",60,130,80,60,60,70,82,"Thunderbolt","Tackle","Water Gun","Flamethrower",0,0
"Slakoth","Normal",60,60,60,35,35,30,82,"Thunderbolt","Tackle","Water Gun","Flamethrower",0,0
"Vigoroth","Normal",80,80,80,55,55,90,82,"Thunderbolt","Tackle","Water Gun","Flamethrower",0,0
"Slaking","Normal",150,160,100,95,65,100,82,"Thunderbolt","Tackle","Water Gun","Flamethrower",0,0
"Nincada","Bug",31,45,90,30,30,40,82,"Thunderbolt","Tackle","Water Gun","Flamethrower",0,0
"Ninjask","Bug",61,90,45,50,50,160,82,"Thunderbolt","Tackle","Water Gun","Flamethrower",0,0
"Shedinja","Bug",1,90,45,30,30,40,82,"Thunderbolt","Tackle","Water Gun","Flamethrower",0,0
"Whismur","Normal",64,51,23,51,23,28,82,"Thunderbolt","Tackle","Water Gun","Flamethrower",0,0
"Loudred","Normal",84,71,43,71,43,48,82,"Thunderbolt","Tackle","Water Gun","Flamethrower",0,0
"Exploud","Normal",104,91,63,91,73,68,82,"Thunderbolt","Tackle","Water Gun","Flamethrower",0,0
"Makuhita","Fighting",72,60,30,20,30,25,82,"Thunderbolt","Tackle","Water Gun","Flamethrower",0,0
"Hariyama","Fighting",144,120,60,40,60,50,82,"Thunderbolt","Tackle","Water Gun","Flamethrower",0,0
"Azurill","Normal",50,20,40,20,40,20,82,"Thunderbolt","Tackle","Water Gun","Flamethrower",0,0
"Nosepass","Rock",30,45,135,45,90,30,82,"Thunderbolt","Tackle","Water Gun","Flamethrower",0,0
"Skitty","Normal",50,45,45,35,35,50,82,"Thunderbolt","Tackle","Water Gun","Flamethrower",0,0
"Delcatty","Normal",70,65,65,55,55,70,82,"Thunderbolt","Tackle","Water Gun","Flamethrower",0,0
"Sableye","Dark",50,75,75,65,65,50,82,"Thunderbolt","Tackle","Water Gun","Flamethrower",0,0
"SableyeMega Sableye","Dark",50,85,125,85,115,20,82,"Thunderbolt","Tackle","Water Gun","Flamethrower",0,0
"Mawile","Steel",50,85,85,55,55,50,82,"Thunderbolt","Tackle","Water Gun","Flamethrower",0,0
"MawileMega Mawile","Steel",50,105,125,55,95,50,82,"Thunderbolt","Tackle","Water Gun","Flamethrower",0,0
"Aron","Steel",50,70,100,40,40,30,82,"Thunderbolt","Tackle","Water Gun","Flamethrower",0,0
"Lairon","Steel",60,90,140,50,50,40,82,"Thunderbolt","Tackle","Water Gun","Flamethrower",0,0
"Aggron","Steel",70,110,180,60,60,50,82,"Thunderbolt","Tackle","Water Gun","Flamethrower",0,0
"AggronMega Aggron","Steel",70,140,230,60,80,50,82,"Thunderbolt","Tackle","Water Gun","Flamethrower",0,0
"Meditite","Fighting",30,40,55,40,55,60,82,"Thunderbolt","Tackle","Water Gun","Flamethrower",0,0
"Medicham","Fighting",60,60,75,60,75,80,82,"Thunderbolt","Tackle","Water Gun","Flamethrower",0,0
"MedichamMega Medicham","Fighting",60,100,85,80,85,100,82,"Thunderbolt","Tackle","Water Gun","Flamethrower",0,0
"Electrike","Electric",40,45,40,65,40,65,82,"Thunderbolt","Tackle","Water Gun","Flamethrower",0,0
"Manectric","Electric",70,75,60,105,60,105,82,"Thunderbolt","Tackle","Water Gun","Flamethrower",0,0
"ManectricMega Manectric","Electric",70,75,80,135,80,135,82,"Thunderbolt","Tackle","Water Gun","Flamethrower",0,0
"Plusle","Electric",60,50,40,85,75,95,82,"Thunderbolt","Tackle","Water Gun","Flamethrower",0,0
"Minun","Electric",60,40,50,75,85,95,82,"Thunderbolt","Tackle","Water Gun","Flamethrower",0,0
"Volbeat","Bug",65,73,55,47,75,85,82,"Thunderbolt","Tackle","Water Gun","Flamethrower",0,0
"Illumise","Bug",65,47,55,73,75,85,82,"Thunderbolt","Tackle","Water Gun","Flamethrower",0,0
"Roselia","Grass",50,60,45,100,80,65,82,"Thunderbolt","Tackle","Water Gun","Flamethrower",0,0
"Gulpin","Poison",70,43,53,43,53,40,82,"Thunderbolt","Tackle","Water Gun","Flamethrower",0,0
"Swalot","Poison",100,73,83,73,83,55,82,"Thunderbolt","Tackle","Water Gun","Flamethrower",0,0
"Carvanha","Water",45,90,20,65,20,65,82,"Thunderbolt","Tackle","Water Gun","Flamethrower",0,0
"Sharpedo","Water",70,120,40,95,40,95,82,"Thunderbolt","Tackle","Water Gun","Flamethrower",0,0
"SharpedoMega Sharpedo","Water",70,140,70,110,65,105,82,"Thunderbolt","Tackle","Water Gun","Flamethrower",0,0
"Wailmer","Water",130,70,35,70,35,60,82,"Thunderbolt","Tackle","Water Gun","Flamethrower",0,0
"Wailord","Water",170,90,45,90,45,60,82,"Thunderbolt","Tackle","Water Gun","Flamethrower",0,0
"Numel","Fire",60,60,40,65,45,35,82,"Thunderbolt","Tackle","Water Gun","Flamethrower",0,0
"Camerupt","Fire",70,100,70,105,75,40,82,"Thunderbolt","Tackle","Water Gun","Flamethrower",0,0
"CameruptMega Camerupt","Fire",70,120,100,145,105,20,82,"Thunderbolt","Tackle","Water Gun","Flamethrower",0,0
"Torkoal","Fire",70,85,140,85,70,20,82,"Thunderbolt","Tackle","Water Gun","Flamethrower",0,0
"Spoink","Psychic",60,25,35,70,80,60,82,"Thunderbolt","Tackle","Water Gun","Flamethrower",0,0
"Grumpig","Psychic",80,45,65,90,110,80,82,"Thunderbolt","Tackle","Water Gun","Flamethrower",0,0
"Spinda","Normal",60,60,60,60,60,60,82,"Thunderbolt","Tackle","Water Gun","Flamethrower",0,0
"Trapinch","Ground",45,100,45,45,45,10,82,"Thunderbolt","Tackle","Water Gun","Flamethrower",0,0
"Vibrava","Ground",50,70,50,50,50,70,82,"Thunderbolt","Tackle","Water Gun","Flamethrower",0,0
"Flygon","Ground",80,100,80,80,80,100,82,"Thunderbolt","Tackle","Water Gun","Flamethrower",0,0
"Cacnea","Grass",50,85,40,85,40,35,82,"Thunderbolt","Tackle","Water Gun","Flamethrower",0,0
"Cacturne","Grass",70,115,60,115,60,55,82,"Thunderbolt","Tackle","Water Gun","Flamethrower",0,0
"Swablu","Normal",45,40,60,40,75,50,82,"Thunderbolt","Tackle","Water Gun","Flamethrower",0,0
"Altaria","Dragon",75,70,90,70,105,80,82,"Thunderbolt","Tackle","Water Gun","Flamethrower",0,0
"AltariaMega Altaria","Dragon",75,110,110,110,105,80,82,"Thunderbolt","Tackle","Water Gun","Flamethrower",0,0
"Zangoose","Normal",73,115,60,60,60,90,82,"Thunderbolt","Tackle","Water Gun","Flamethrower",0,0
"Seviper","Poison",73,100,60,100,60,65,82,"Thunderbolt","Tackle","Water Gun","Flamethrower",0,0
"Lunatone","Rock",70,55,65,95,85,70,82,"Thunderbolt","Tackle","Water Gun","Flamethrower",0,0
"Solrock","Rock",70,95,85,55,65,70,82,"Thunderbolt","Tackle","Water Gun","Flamethrower",0,0
"Barboach","Water",50,48,43,46,41,60,82,"Thunderbolt","Tackle","Water Gun","Flamethrower",0,0
"Whiscash","Water",110,78,73,76,71,60,82,"Thunderbolt","Tackle","Water Gun","Flamethrower",0,0
"Corphish","Water",43,80,65,50,35,35,82,"Thunderbolt","Tackle","Water Gun","Flamethrower",0,0
"Crawdaunt","Water",63,120,85,90,55,55,82,"Thunderbolt","Tackle","Water Gun","Flamethrower",0,0
"Baltoy","Ground",40,40,55,40,70,55,82,"Thunderbolt","Tackle","Water Gun","Flamethrower",0,0
"Claydol","Ground",60,70,105,70,120,75,82,"Thunderbolt","Tackle","Water Gun","Flamethrower",0,0
"Lileep","Rock",66,41,77,61,87,23,82,"Thunderbolt","Tackle","Water Gun","Flamethrower",0,0
"Cradily","Rock",86,81,97,81,107,43,82,"Thunderbolt","Tackle","Water Gun","Flamethrower",0,0
"Anorith","Rock",45,95,50,40,50,75,82,"Thunderbolt","Tackle","Water Gun","Flamethrower",0,0
"Armaldo","Rock",75,125,100,70,80,45,82,"Thunderbolt","Tackle","Water Gun","Flamethrower",0,0
"Feebas","Water",20,15,20,10,55,80,82,"Thunderbolt","Tackle","Water Gun","Flamethrower",0,0
"Milotic","Water",95,60,79,100,125,81,82,"Thunderbolt","Tackle","Water Gun","Flamethrower",0,0
"Castform","Normal",70,70,70,70,70,70,82,"Thunderbolt","Tackle","Water Gun","Flamethrower",0,0
"Kecleon","Normal",60,90,70,60,120,40,82,"Thunderbolt","Tackle","Water Gun","Flamethrower",0,0
"Shuppet","Ghost",44,75,35,63,33,45,82,"Thunderbolt","Tackle","Water Gun","Flamethrower",0,0
"Banette","Ghost",64,115,65,83,63,65,82,"Thunderbolt","Tackle","Water Gun","Flamethrower",0,0
"BanetteMega Banette","Ghost",64,165,75,93,83,75,82,"Thunderbolt","Tackle","Water Gun","Flamethrower",0,0
"Duskull","Ghost",20,40,90,30,90,25,82,"Thunderbolt","Tackle","Water Gun","Flamethrower",0,0
"Dusclops","Ghost",40,70,130,60,130,25,82,"Thunderbolt","Tackle","Water Gun","Flamethrower",0,0
"Tropius","Grass",99,68,83,72,87,51,82,"Thunderbolt","Tackle","Water Gun","Flamethrower",0,0
"Chimecho","Psychic",65,50,70,95,80,65,82,"Thunderbolt","Tackle","Water Gun","Flamethrower",0,0
"Absol","Dark",65,130,60,75,60,75,82,"Thunderbolt","Tackle","Water Gun","Flamethrower",0,0
"AbsolMega Absol","Dark",65,150,60,115,60,115,82,"Thunderbolt","Tackle","Water Gun","Flamethrower",0,0
"Wynaut","Psychic",95,23,48,23,48,23,82,"Thunderbolt","Tackle","Water Gun","Flamethrower",0,0
"Snorunt","Ice",50,50,50,50,50,50,82,"Thunderbolt","Tackle","Water Gun","Flamethrower",0,0
"Glalie","Ice",80,80,80,80,80,80,82,"Thunderbolt","Tackle","Water Gun","Flamethrower",0,0
"GlalieMega Glalie","Ice",80,120,80,120,80,100,82,"Thunderbolt","Tackle","Water Gun","Flamethrower",0,0
"Spheal","Ice",70,40,50,55,50,25,82,"Thunderbolt","Tackle","Water Gun","Flamethrower",0,0
"Sealeo","Ice",90,60,70,75,70,45,82,"Thunderbolt","Tackle","Water Gun","Flamethrower",0,0
"Walrein","Ice",110,80,90,95,90,65,82,"Thunderbolt","Tackle","Water Gun","Flamethrower",0,0
"Clamperl","Water",35,64,85,74,55,32,82,"Thunderbolt","Tackle","Water Gun","Flamethrower",0,0
"Huntail","Water",55,104,105,94,75,52,82,"Thunderbolt","Tackle","Water Gun","Flamethrower",0,0
"Gorebyss","Water",55,84,105,114,75,52,82,"Thunderbolt","Tackle","Water Gun","Flamethrower",0,0
"Relicanth","Water",100,90,130,45,65,55,82,"Thunderbolt","Tackle","Water Gun","Flamethrower",0,0
"Luvdisc","Water",43,30,55,40,65,97,82,"Thunderbolt","Tackle","Water Gun","Flamethrower",0,0
"Bagon","Dragon",45,75,60,40,30,50,82,"Thunderbolt","Tackle","Water Gun","Flamethrower",0,0
"Shelgon","Dragon",65,95,100,60,50,50,82,"Thunderbolt","Tackle","Water Gun","Flamethrower",0,0
"Salamence","Dragon",95,135,80,110,80,100,82,"Thunderbolt","Tackle","Water Gun","Flamethrower",0,0
"SalamenceMega Salamence","Dragon",95,145,130,120,90,120,82,"Thunderbolt","Tackle","Water Gun","Flamethrower",0,0
"Beldum","Steel",40,55,80,35,60,30,82,"Thunderbolt","Tackle","Water Gun","Flamethrower",0,0
"Metang","Steel",60,75,100,55,80,50,82,"Thunderbolt","Tackle","Water Gun","Flamethrower",0,0
"Metagross","Steel",80,135,130,95,90,70,82,"Thunderbolt","Tackle","Water Gun","Flamethrower",0,0
"MetagrossMega Metagross","Steel",80,145,150,105,110,110,82,"Thunderbolt","Tackle","Water Gun","Flamethrower",0,0
"Regirock","Rock",80,100,200,50,100,50,82,"Thunderbolt","Tackle","Water Gun","Flamethrower",0,0
"Regice","Ice",80,50,100,100,200,50,82,"Thunderbolt","Tackle","Water Gun","Flamethrower",0,0
"Registeel","Steel",80,75,150,75,150,50,82,"Thunderbolt","Tackle","Water Gun","Flamethrower",0,0
"Latias","Dragon",80,80,90,110,130,110,82,"Thunderbolt","Tackle","Water Gun","Flamethrower",0,0
"LatiasMega Latias","Dragon",80,100,120,140,150,110,82,"Thunderbolt","Tackle","Water Gun","Flamethrower",0,0
"Latios","Dragon",80,90,80,130,110,110,82,"Thunderbolt","Tackle","Water Gun","Flamethrower",0,0
"LatiosMega Latios","Dragon",80,130,100,160,120,110,82,"Thunderbolt","Tackle","Water Gun","Flamethrower",0,0
"Kyogre","Water",100,100,90,150,140,90,82,"Thunderbolt","Tackle","Water Gun","Flamethrower",0,0
"KyogrePrimal Kyogre","Water",100,150,90,180,160,90,82,"Thunderbolt","Tackle","Water Gun","Flamethrower",0,0
"Groudon","Ground",100,150,140,100,90,90,82,"Thunderbolt","Tackle","Water Gun","Flamethrower",0,0
"GroudonPrimal Groudon","Ground",100,180,160,150,90,90,82,"Thunderbolt","Tackle","Water Gun","Flamethrower",0,0
"Rayquaza","Dragon",105,150,90,150,90,95,82,"Thunderbolt","Tackle","Water Gun","Flamethrower",0,0
"RayquazaMega Rayquaza","Dragon",105,180,100,180,100,115,82,"Thunderbolt","Tackle","Water Gun","Flamethrower",0,0
"Jirachi","Steel",100,100,100,100,100,100,82,"Thunderbolt","Tackle","Water Gun","Flamethrower",0,0
"DeoxysNormal Forme","Psychic",50,150,50,150,50,150,82,"Thunderbolt","Tackle","Water Gun","Flamethrower",0,0
"DeoxysAttack Forme","Psychic",50,180,20,180,20,150,82,"Thunderbolt","Tackle","Water Gun","Flamethrower",0,0
"DeoxysDefense Forme","Psychic",50,70,160,70,160,90,82,"Thunderbolt","Tackle","Water Gun","Flamethrower",0,0
"DeoxysSpeed Forme","Psychic",50,95,90,95,90,180,82,"Thunderbolt","Tackle","Water Gun","Flamethrower",0,0
"Turtwig","Grass",55,68,64,45,55,31,82,"Thunderbolt","Tackle","Water Gun","Flamethrower",0,0
"Grotle","Grass",75,89,85,55,65,36,82,"Thunderbolt","Tackle","Water Gun","Flamethrower",0,0
"Torterra","Grass",95,109,105,75,85,56,82,"Thunderbolt","Tackle","Water Gun","Flamethrower",0,0
"Chimchar","Fire",44,58,44,58,44,61,82,"Thunderbolt","Tackle","Water Gun","Flamethrower",0,0
"Monferno","Fire",64,78,52,78,52,81,82,"Thunderbolt","Tackle","Water Gun","Flamethrower",0,0
"Infernape","Fire",76,104,71,104,71,108,82,"Thunderbolt","Tackle","Water Gun","Flamethrower",0,0
"Piplup","Water",53,51,53,61,56,40,82,"Thunderbolt","Tackle","Water Gun","Flamethrower",0,0
"Prinplup","Water",64,66,68,81,76,50,82,"Thunderbolt","Tackle","Water Gun","Flamethrower",0,0
"Empoleon","Water",84,86,88,111,101,60,82,"Thunderbolt","Tackle","Water Gun","Flamethrower",0,0
"Starly","Normal",40,55,30,30,30,60,82,"Thunderbolt","Tackle","Water Gun","Flamethrower",0,0
"Staravia","Normal",55,75,50,40,40,80,82,"Thunderbolt","Tackle","Water Gun","Flamethrower",0,0
"Staraptor","Normal",85,120,70,50,60,100,82,"Thunderbolt","Tackle","Water Gun","Flamethrower",0,0
"Bidoof","Normal",59,45,40,35,40,31,82,"Thunderbolt","Tackle","Water Gun","Flamethrower",0,0
"Bibarel","Normal",79,85,60,55,60,71,82,"Thunderbolt","Tackle","Water Gun","Flamethrower",0,0
"Kricketot","Bug",37,25,41,25,41,25,82,"Thunderbolt","Tackle","Water Gun","Flamethrower",0,0
"Kricketune","Bug",77,85,51,55,51,65,82,"Thunderbolt","Tackle","Water Gun","Flamethrower",0,0
"Shinx","Electric",45,65,34,40,34,45,82,"Thunderbolt","Tackle","Water Gun","Flamethrower",0,0
"Luxio","Electric",60,85,49,60,49,60,82,"Thunderbolt","Tackle","Water Gun","Flamethrower",0,0
"Luxray","Electric",80,120,79,95,79,70,82,"Thunderbolt","Tackle","Water Gun","Flamethrower",0,0
"Budew","Grass",40,30,35,50,70,55,82,"Thunderbolt","Tackle","Water Gun","Flamethrower",0,0
"Roserade","Grass",60,70,65,125,105,90,82,"Thunderbolt","Tackle","Water Gun","Flamethrower",0,0
"Cranidos","Rock",67,125,40,30,30,58,82,"Thunderbolt","Tackle","Water Gun","Flamethrower",0,0
"Rampardos","Rock",97,165,60,65,50,58,82,"Thunderbolt","Tackle","Water Gun","Flamethrower",0,0
"Shieldon","Rock",30,42,118,42,88,30,82,"Thunderbolt","Tackle","Water Gun","Flamethrower",0,0
"Bastiodon","Rock",60,52,168,47,138,30,82,"Thunderbolt","Tackle","Water Gun","Flamethrower",0,0
"Burmy","Bug",40,29,45,29,45,36,82,"Thunderbolt","Tackle","Water Gun","Flamethrower",0,0
"WormadamPlant Cloak","Bug",60,59,85,79,105,36,82,"Thunderbolt","Tackle","Water Gun","Flamethrower",0,0
"WormadamSandy Cloak","Bug",60,79,105,59,85,36,82,"Thunderbolt","Tackle","Water Gun","Flamethrower",0,0
"WormadamTrash Cloak","Bug",60,69,95,69,95,36,82,"Thunderbolt","Tackle","Water Gun","Flamethrower",0,0
"Mothim","Bug",70,94,50,94,50,66,82,"Thunderbolt","Tackle","Water Gun","Flamethrower",0,0
"Combee","Bug",30,30,42,30,42,70,82,"Thunderbolt","Tackle","Water Gun","Flamethrower",0,0
"Vespiquen","Bug",70,80,102,80,102,40,82,"Thunderbolt","Tackle","Water Gun","Flamethrower",0,0
"Pachirisu","Electric",60,45,70,45,90,95,82,"Thunderbolt","Tackle","Water Gun","Flamethrower",0,0
"Buizel","Water",55,65,35,60,30,85,82,"Thunderbolt","Tackle","Water Gun","Flamethrower",0,0
"Floatzel","Water",85,105,55,85,50,115,82,"Thunderbolt","Tackle","Water Gun","Flamethrower",0,0
"Cherubi","Grass",45,35,45,62,53,35,82,"Thunderbolt","Tackle","Water Gun","Flamethrower",0,0
"Cherrim","Grass",70,60,70,87,78,85,82,"Thunderbolt","Tackle","Water Gun","Flamethrower",0,0
"Shellos","Water",76,48,48,57,62,34,82,"Thunderbolt","Tackle","Water Gun","Flamethrower",0,0
"Gastrodon","Water",111,83,68,92,82,39,82,"Thunderbolt","Tackle","Water Gun","Flamethrower",0,0
"Ambipom","Normal",75,100,66,60,66,115,82,"Thunderbolt","Tackle","Water Gun","Flamethrower",0,0
"Drifloon","Ghost",90,50,34,60,44,70,82,"Thunderbolt","Tackle","Water Gun","Flamethrower",0,0
"Drifblim","Ghost",150,80,44,90,54,80,82,"Thunderbolt","Tackle","Water Gun","Flamethrower",0,0
"Buneary","Normal",55,66,44,44,56,85,82,"Thunderbolt","Tackle","Water Gun","Flamethrower",0,0
"Lopunny","Normal",65,76,84,54,96,105,82,"Thunderbolt","Tackle","Water Gun","Flamethrower",0,0
"LopunnyMega Lopunny","Normal",65,136,94,54,96,135,82,"Thunderbolt","Tackle","Water Gun","Flamethrower",0,0
"Mismagius","Ghost",60,60,60,105,105,105,82,"Thunderbolt","Tackle","Water Gun","Flamethrower",0,0
"Honchkrow","Dark",100,125,52,105,52,71,82,"Thunderbolt","Tackle","Water Gun","Flamethrower",0,0
"Glameow","Normal",49,55,42,42,37,85,82,"Thunderbolt","Tackle","Water Gun","Flamethrower",0,0
"Purugly","Normal",71,82,64,64,59,112,82,"Thunderbolt","Tackle","Water Gun","Flamethrower",0,0
"Chingling","Psychic",45,30,50,65,50,45,82,"Thunderbolt","Tackle","Water Gun","Flamethrower",0,0
"Stunky","Poison",63,63,47,41,41,74,82,"Thunderbolt","Tackle","Water Gun","Flamethrower",0,0
"Skuntank","Poison",103,93,67,71,61,84,82,"Thunderbolt","Tackle","Water Gun","Flamethrower",0,0
"Bronzor","Steel",57,24,86,24,86,23,82,"Thunderbolt","Tackle","Water Gun","Flamethrower",0,0
"Bronzong","Steel",67,89,116,79,116,33,82,"Thunderbolt","Tackle","Water Gun","Flamethrower",0,0
"Bonsly","Rock",50,80,95,10,45,10,82,"Thunderbolt","Tackle","Water Gun","Flamethrower",0,0
"Mime Jr.","Psychic",20,25,45,70,90,60,82,"Thunderbolt","Tackle","Water Gun","Flamethrower",0,0
"Happiny","Normal",100,5,5,15,65,30,82,"Thunderbolt","Tackle","Water Gun","Flamethrower",0,0
"Chatot","Normal",76,65,45,92,42,91,82,"Thunderbolt","Tackle","Water Gun","Flamethrower",0,0
"Spiritomb","Ghost",50,92,108,92,108,35,82,"Thunderbolt","Tackle","Water Gun","Flamethrower",0,0
"Gible","Dragon",58,70,45,40,45,42,82,"Thunderbolt","Tackle","Water Gun","Flamethrower",0,0
"Gabite","Dragon",68,90,65,50,55,82,82,"Thunderbolt","Tackle","Water Gun","Flamethrower",0,0
"Garchomp","Dragon",108,130,95,80,85,102,82,"Thunderbolt","Tackle","Water Gun","Flamethrower",0,0
"GarchompMega Garchomp","Dragon",108,170,115,120,95,92,82,"Thunderbolt","Tackle","Water Gun","Flamethrower",0,0
"Munchlax","Normal",135,85,40,40,85,5,82,"Thunderbolt","Tackle","Water Gun","Flamethrower",0,0
"Riolu","Fighting",40,70,40,35,40,60,82,"Thunderbolt","Tackle","Water Gun","Flamethrower",0,0
"Lucario","Fighting",70,110,70,115,70,90,82,"Thunderbolt","Tackle","Water Gun","Flamethrower",0,0
"LucarioMega Lucario","Fighting",70,145,88,140,70,112,82,"Thunderbolt","Tackle","Water Gun","Flamethrower",0,0
"Hippopotas","Ground",68,72,78,38,42,32,82,"Thunderbolt","Tackle","Water Gun","Flamethrower",0,0
"Hippowdon","Ground",108,112,118,68,72,47,82,"Thunderbolt","Tackle","Water Gun","Flamethrower",0,0
"Skorupi","Poison",40,50,90,30,55,65,82,"Thunderbolt","Tackle","Water Gun","Flamethrower",0,0
"Drapion","Poison",70,90,110,60,75,95,82,"Thunderbolt","Tackle","Water Gun","Flamethrower",0,0
"Croagunk","Poison",48,61,40,61,40,50,82,"Thunderbolt","Tackle","Water Gun","Flamethrower",0,0
"Toxicroak","Poison",83,106,65,86,65,85,82,"Thunderbolt","Tackle","Water Gun","Flamethrower",0,0
"Carnivine","Grass",74,100,72,90,72,46,82,"Thunderbolt","Tackle","Water Gun","Flamethrower",0,0
"Finneon","Water",49,49,56,49,61,66,82,"Thunderbolt","Tackle","Water Gun","Flamethrower",0,0
"Lumineon","Water",69,69,76,69,86,91,82,"Thunderbolt","Tackle","Water Gun","Flamethrower",0,0
"Mantyke","Water",45,20,50,60,120,50,82,"Thunderbolt","Tackle","Water Gun","Flamethrower",0,0
"Snover","Grass",60,62,50,62,60,40,82,"Thunderbolt","Tackle","Water Gun","Flamethrower",0,0
"Abomasnow","Grass",90,92,75,92,85,60,82,"Thunderbolt","Tackle","Water Gun","Flamethrower",0,0
"AbomasnowMega Abomasnow","Grass",90,132,105,132,105,30,82,"Thunderbolt","Tackle","Water Gun","Flamethrower",0,0
"Weavile","Dark",70,120,65,45,85,125,82,"Thunderbolt","Tackle","Water Gun","Flamethrower",0,0
"Magnezone","Electric",70,70,115,130,90,60,82,"Thunderbolt","Tackle","Water Gun","Flamethrower",0,0
"Lickilicky","Normal",110,85,95,80,95,50,82,"Thunderbolt","Tackle","Water Gun","Flamethrower",0,0
"Rhyperior","Ground",115,140,130,55,55,40,82,"Thunderbolt","Tackle","Water Gun","Flamethrower",0,0
"Tangrowth","Grass",100,100,125,110,50,50,82,"Thunderbolt","Tackle","Water Gun","Flamethrower",0,0
"Electivire","Electric",75,123,67,95,85,95,82,"Thunderbolt","Tackle","Water Gun","Flamethrower",0,0
"Magmortar","Fire",75,95,67,125,95,83,82,"Thunderbolt","Tackle","Water Gun","Flamethrower",0,0
"Togekiss","Fairy",85,50,95,120,115,80,82,"Thunderbolt","Tackle","Water Gun","Flamethrower",0,0
"Yanmega","Bug",86,76,86,116,56,95,82,"Thunderbolt","Tackle","Water Gun","Flamethrower",0,0
"Leafeon","Grass",65,110,130,60,65,95,82,"Thunderbolt","Tackle","Water Gun","Flamethrower",0,0
"Glaceon","Ice",65,60,110,130,95,65,82,"Thunderbolt","Tackle","Water Gun","Flamethrower",0,0
"Gliscor","Ground",75,95,125,45,75,95,82,"Thunderbolt","Tackle","Water Gun","Flamethrower",0,0
"Mamoswine","Ice",110,130,80,70,60,80,82,"Thunderbolt","Tackle","Water Gun","Flamethrower",0,0
"Porygon-Z","Normal",85,80,70,135,75,90,82,"Thunderbolt","Tackle","Water Gun","Flamethrower",0,0
"Gallade","Psychic",68,125,65,65,115,80,82,"Thunderbolt","Tackle","Water Gun","Flamethrower",0,0
"GalladeMega Gallade","Psychic",68,165,95,65,115,110,82,"Thunderbolt","Tackle","Water Gun","Flamethrower",0,0
"Probopass","Rock",60,55,145,75,150,40,82,"Thunderbolt","Tackle","Water Gun","Flamethrower",0,0
"Dusknoir","Ghost",45,100,135,65,135,45,82,"Thunderbolt","Tackle","Water Gun","Flamethrower",0,0
"Froslass","Ice",70,80,70,80,70,110,82,"Thunderbolt","Tackle","Water Gun","Flamethrower",0,0
"Rotom","Electric",50,50,77,95,77,91,82,"Thunderbolt","Tackle","Water Gun","Flamethrower",0,0
"RotomHeat Rotom","Electric",50,65,107,105,107,86,82,"Thunderbolt","Tackle","Water Gun","Flamethrower",0,0
"RotomWash Rotom","Electric",50,65,107,105,107,86,82,"Thunderbolt","Tackle","Water Gun","Flamethrower",0,0
"RotomFrost Rotom","Electric",50,65,107,105,107,86,82,"Thunderbolt","Tackle","Water Gun","Flamethrower",0,0
"RotomFan Rotom","Electric",50,65,107,105,107,86,82,"Thunderbolt","Tackle","Water Gun","Flamethrower",0,0
"RotomMow Rotom","Electric",50,65,107,105,107,86,82,"Thunderbolt","Tackle","Water Gun","Flamethrower",0,0
"Uxie","Psychic",75,75,130,75,130,95,82,"Thunderbolt","Tackle","Water Gun","Flamethrower",0,0
"Mesprit","Psychic",80,105,105,105,105,80,82,"Thunderbolt","Tackle","Water Gun","Flamethrower",0,0
"Azelf","Psychic",75,125,70,125,70,115,82,"Thunderbolt","Tackle","Water Gun","Flamethrower",0,0
"Dialga","Steel",100,120,120,150,100,90,82,"Thunderbolt","Tackle","Water Gun","Flamethrower",0,0
"Palkia","Water",90,120,100,150,120,100,82,"Thunderbolt","Tackle","Water Gun","Flamethrower",0,0
"Heatran","Fire",91,90,106,130,106,77,82,"Thunderbolt","Tackle","Water Gun","Flamethrower",0,0
"Regigigas","Normal",110,160,110,80,110,100,82,"Thunderbolt","Tackle","Water Gun","Flamethrower",0,0
"GiratinaAltered Forme","Ghost",150,100,120,100,120,90,82,"Thunderbolt","Tackle","Water Gun","Flamethrower",0,0
"GiratinaOrigin Forme","Ghost",150,120,100,120,100,90,82,"Thunderbolt","Tackle","Water Gun","Flamethrower",0,0
"Cresselia","Psychic",120,70,120,75,130,85,82,"Thunderbolt","Tackle","Water Gun","Flamethrower",0,0
"Phione","Water",80,80,80,80,80,80,82,"Thunderbolt","Tackle","Water Gun","Flamethrower",0,0
"Manaphy","Water",100,100,100,100,100,100,82,"Thunderbolt","Tackle","Water Gun","Flamethrower",0,0
"Darkrai","Dark",70,90,90,135,90,125,82,"Thunderbolt","Tackle","Water Gun","Flamethrower",0,0
"ShayminLand Forme","Grass",100,100,100,100,100,100,82,"Thunderbolt","Tackle","Water Gun","Flamethrower",0,0
"ShayminSky Forme","Grass",100,103,75,120,75,127,82,"Thunderbolt","Tackle","Water Gun","Flamethrower",0,0
"Arceus","Normal",120,120,120,120,120,120,82,"Thunderbolt","Tackle","Water Gun","Flamethrower",0,0
"Victini","Psychic",100,100,100,100,100,100,82,"Thunderbolt","Tackle","Water Gun","Flamethrower",0,0
"Snivy","Grass",45,45,55,45,55,63,82,"Thunderbolt","Tackle","Water Gun","Flamethrower",0,0
"Servine","Grass",60,60,75,60,75,83,82,"Thunderbolt","Tackle","Water Gun","Flamethrower",0,0
"Serperior","Grass",75,75,95,75,95,113,82,"Thunderbolt","Tackle","Water Gun","Flamethrower",0,0
"Tepig","Fire",65,63,45,45,45,45,82,"Thunderbolt","Tackle","Water Gun","Flamethrower",0,0
"Pignite","Fire",90,93,55,70,55,55,82,"Thunderbolt","Tackle","Water Gun","Flamethrower",0,0
"Emboar","Fire",110,123,65,100,65,65,82,"Thunderbolt","Tackle","Water Gun","Flamethrower",0,0
"Oshawott","Water",55,55,45,63,45,45,82,"Thunderbolt","Tackle","Water Gun","Flamethrower",0,0
"Dewott","Water",75,75,60,83,60,60,82,"Thunderbolt","Tackle","Water Gun","Flamethrower",0,0
"Samurott","Water",95,100,85,108,70,70,82,"Thunderbolt","Tackle","Water Gun","Flamethrower",0,0
"Patrat","Normal",45,55,39,35,39,42,82,"Thunderbolt","Tackle","Water Gun","Flamethrower",0,0
"Watchog","Normal",60,85,69,60,69,77,82,"Thunderbolt","Tackle","Water Gun","Flamethrower",0,0
"Lillipup","Normal",45,60,45,25,45,55,82,"Thunderbolt","Tackle","Water Gun","Flamethrower",0,0
"Herdier","Normal",65,80,65,35,65,60,82,"Thunderbolt","Tackle","Water Gun","Flamethrower",0,0
"Stoutland","Normal",85,110,90,45,90,80,82,"Thunderbolt","Tackle","Water Gun","Flamethrower",0,0
"Purrloin","Dark",41,50,37,50,37,66,82,"Thunderbolt","Tackle","Water Gun","Flamethrower",0,0
"Liepard","Dark",64,88,50,88,50,106,82,"Thunderbolt","Tackle","Water Gun","Flamethrower",0,0
"Pansage","Grass",50,53,48,53,48,64,82,"Thunderbolt","Tackle","Water Gun","Flamethrower",0,0
"Simisage","Grass",75,98,63,98,63,101,82,"Thunderbolt","Tackle","Water Gun","Flamethrower",0,0
"Pansear","Fire",50,53,48,53,48,64,82,"Thunderbolt","Tackle","Water Gun","Flamethrower",0,0
"Simisear","Fire",75,98,63,98,63,101,82,"Thunderbolt","Tackle","Water Gun","Flamethrower",0,0
"Panpour","Water",50,53,48,53,48,64,82,"Thunderbolt","Tackle","Water Gun","Flamethrower",0,0
"Simipour","Water",75,98,63,98,63,101,82,"Thunderbolt","Tackle","Water Gun","Flamethrower",0,0
"Munna","Psychic",76,25,45,67,55,24,82,"Thunderbolt","Tackle","Water Gun","Flamethrower",0,0
"Musharna","Psychic",116,55,85,107,95,29,82,"Thunderbolt","Tackle","Water Gun","Flamethrower",0,0
"Pidove","Normal",50,55,50,36,30,43,82,"Thunderbolt","Tackle","Water Gun","Flamethrower",0,0
"Tranquill","Normal",62,77,62,50,42,65,82,"Thunderbolt","Tackle","Water Gun","Flamethrower",0,0
"Unfezant","Normal",80,115,80,65,55,93,82,"Thunderbolt","Tackle","Water Gun","Flamethrower",0,0
"Blitzle","Electric",45,60,32,50,32,76,82,"Thunderbolt","Tackle","Water Gun","Flamethrower",0,0
"Zebstrika","Electric",75,100,63,80,63,116,82,"Thunderbolt","Tackle","Water Gun","Flamethrower",0,0
"Roggenrola","Rock",55,75,85,25,25,15,82,"Thunderbolt","Tackle","Water Gun","Flamethrower",0,0
"Boldore","Rock",70,105,105,50,40,20,82,"Thunderbolt","Tackle","Water Gun","Flamethrower",0,0
"Gigalith","Rock",85,135,130,60,80,25,82,"Thunderbolt","Tackle","Water Gun","Flamethrower",0,0
"Woobat","Psychic",55,45,43,55,43,72,82,"Thunderbolt","Tackle","Water Gun","Flamethrower",0,0
"Swoobat","Psychic",67,57,55,77,55,114,82,"Thunderbolt","Tackle","Water Gun","Flamethrower",0,0
"Drilbur","Ground",60,85,40,30,45,68,82,"Thunderbolt","Tackle","Water Gun","Flamethrower",0,0
"Excadrill","Ground",110,135,60,50,65,88,82,"Thunderbolt","Tackle","Water Gun","Flamethrower",0,0
"Audino","Normal",103,60,86,60,86,50,82,"Thunderbolt","Tackle","Water Gun","Flamethrower",0,0
"AudinoMega Audino","Normal",103,60,126,80,126,50,82,"Thunderbolt","Tackle","Water Gun","Flamethrower",0,0
"Timburr","Fighting",75,80,55,25,35,35,82,"Thunderbolt","Tackle","Water Gun","Flamethrower",0,0
"Gurdurr","Fighting",85,105,85,40,50,40,82,"Thunderbolt","Tackle","Water Gun","Flamethrower",0,0
"Conkeldurr","Fighting",105,140,95,55,65,45,82,"Thunderbolt","Tackle","Water Gun","Flamethrower",0,0
"Tympole","Water",50,50,40,50,40,64,82,"Thunderbolt","Tackle","Water Gun","Flamethrower",0,0
"Palpitoad","Water",75,65,55,65,55,69,82,"Thunderbolt","Tackle","Water Gun","Flamethrower",0,0
"Seismitoad","Water",105,95,75,85,75,74,82,"Thunderbolt","Tackle","Water Gun","Flamethrower",0,0
"Throh","Fighting",120,100,85,30,85,45,82,"Thunderbolt","Tackle","Water Gun","Flamethrower",0,0
"Sawk","Fighting",75,125,75,30,75,85,82,"Thunderbolt","Tackle","Water Gun","Flamethrower",0,0
"Sewaddle","Bug",45,53,70,40,60,42,82,"Thunderbolt","Tackle","Water Gun","Flamethrower",0,0
"Swadloon","Bug",55,63,90,50,80,42,82,"Thunderbolt","Tackle","Water Gun","Flamethrower",0,0
"Leavanny","Bug",75,103,80,70,80,92,82,"Thunderbolt","Tackle","Water Gun","Flamethrower",0,0
"Venipede","Bug",30,45,59,30,39,57,82,"Thunderbolt","Tackle","Water Gun","Flamethrower",0,0
"Whirlipede","Bug",40,55,99,40,79,47,82,"Thunderbolt","Tackle","Water Gun","Flamethrower",0,0
"Scolipede","Bug",60,100,89,55,69,112,82,"Thunderbolt","Tackle","Water Gun","Flamethrower",0,0
"Cottonee","Grass",40,27,60,37,50,66,82,"Thunderbolt","Tackle","Water Gun","Flamethrower",0,0
"Whimsicott","Grass",60,67,85,77,75,116,82,"Thunderbolt","Tackle","Water Gun","Flamethrower",0,0
"Petilil","Grass",45,35,50,70,50,30,82,"Thunderbolt","Tackle","Water Gun","Flamethrower",0,0
"Lilligant","Grass",70,60,75,110,75,90,82,"Thunderbolt","Tackle","Water Gun","Flamethrower",0,0
"Basculin","Water",70,92,65,80,55,98,82,"Thunderbolt","Tackle","Water Gun","Flamethrower",0,0
"Sandile","Ground",50,72,35,35,35,65,82,"Thunderbolt","Tackle","Water Gun","Flamethrower",0,0
"Krokorok","Ground",60,82,45,45,45,74,82,"Thunderbolt","Tackle","Water Gun","Flamethrower",0,0
"Krookodile","Ground",95,117,80,65,70,92,82,"Thunderbolt","Tackle","Water Gun","Flamethrower",0,0
"Darumaka","Fire",70,90,45,15,45,50,82,"Thunderbolt","Tackle","Water Gun","Flamethrower",0,0
"DarmanitanStandard Mode","Fire",105,140,55,30,55,95,82,"Thunderbolt","Tackle","Water Gun","Flamethrower",0,0
"DarmanitanZen Mode","Fire",105,30,105,140,105,55,82,"Thunderbolt","Tackle","Water Gun","Flamethrower",0,0
"Maractus","Grass",75,86,67,106,67,60,82,"Thunderbolt","Tackle","Water Gun","Flamethrower",0,0
"Dwebble","Bug",50,65,85,35,35,55,82,"Thunderbolt","Tackle","Water Gun","Flamethrower",0,0
"Crustle","Bug",70,95,125,65,75,45,82,"Thunderbolt","Tackle","Water Gun","Flamethrower",0,0
"Scraggy","Dark",50,75,70,35,70,48,82,"Thunderbolt","Tackle","Water Gun","Flamethrower",0,0
"Scrafty","Dark",65,90,115,45,115,58,82,"Thunderbolt","Tackle","Water Gun","Flamethrower",0,0
"Sigilyph","Psychic",72,58,80,103,80,97,82,"Thunderbolt","Tackle","Water Gun","Flamethrower",0,0
"Yamask","Ghost",38,30,85,55,65,30,82,"Thunderbolt","Tackle","Water Gun","Flamethrower",0,0
"Cofagrigus","Ghost",58,50,145,95,105,30,82,"Thunderbolt","Tackle","Water Gun","Flamethrower",0,0
"Tirtouga","Water",54,78,103,53,45,22,82,"Thunderbolt","Tackle","Water Gun","Flamethrower",0,0
"Carracosta","Water",74,108,133,83,65,32,82,"Thunderbolt","Tackle","Water Gun","Flamethrower",0,0
"Archen","Rock",55,112,45,74,45,70,82,"Thunderbolt","Tackle","Water Gun","Flamethrower",0,0
"Archeops","Rock",75,140,65,112,65,110,82,"Thunderbolt","Tackle","Water Gun","Flamethrower",0,0
"Trubbish","Poison",50,50,62,40,62,65,82,"Thunderbolt","Tackle","Water Gun","Flamethrower",0,0
"Garbodor","Poison",80,95,82,60,82,75,82,"Thunderbolt","Tackle","Water Gun","Flamethrower",0,0
"Zorua","Dark",40,65,40,80,40,65,82,"Thunderbolt","Tackle","Water Gun","Flamethrower",0,0
"Zoroark","Dark",60,105,60,120,60,105,82,"Thunderbolt","Tackle","Water Gun","Flamethrower",0,0
"Minccino","Normal",55,50,40,40,40,75,82,"Thunderbolt","Tackle","Water Gun","Flamethrower",0,0
"Cinccino","Normal",75,95,60,65,60,115,82,"Thunderbolt","Tackle","Water Gun","Flamethrower",0,0
"Gothita","Psychic",45,30,50,55,65,45,82,"Thunderbolt","Tackle","Water Gun","Flamethrower",0,0
"Gothorita","Psychic",60,45,70,75,85,55,82,"Thunderbolt","Tackle","Water Gun","Flamethrower",0,0
"Gothitelle","Psychic",70,55,95,95,110,65,82,"Thunderbolt","Tackle","Water Gun","Flamethrower",0,0
"Solosis","Psychic",45,30,40,105,50,20,82,"Thunderbolt","Tackle","Water Gun","Flamethrower",0,0
"Duosion","Psychic",65,40,50,125,60,30,82,"Thunderbolt","Tackle","Water Gun","Flamethrower",0,0
"Reuniclus","Psychic",110,65,75,125,85,30,82,"Thunderbolt","Tackle","Water Gun","Flamethrower",0,0
"Ducklett","Water",62,44,50,44,50,55,82,"Thunderbolt","Tackle","Water Gun","Flamethrower",0,0
"Swanna","Water",75,87,63,87,63,98,82,"Thunderbolt","Tackle","Water Gun","Flamethrower",0,0
"Vanillite","Ice",36,50,50,65,60,44,82,"Thunderbolt","Tackle","Water Gun","Flamethrower",0,0
"Vanillish","Ice",51,65,65,80,75,59,82,"Thunderbolt","Tackle","Water Gun","Flamethrower",0,0
"Vanilluxe","Ice",71,95,85,110,95,79,82,"Thunderbolt","Tackle","Water Gun","Flamethrower",0,0
"Deerling","Normal",60,60,50,40,50,75,82,"Thunderbolt","Tackle","Water Gun","Flamethrower",0,0
"Sawsbuck","Normal",80,100,70,60,70,95,82,"Thunderbolt","Tackle","Water Gun","Flamethrower",0,0
"Emolga","Electric",55,75,60,75,60,103,82,"Thunderbolt","Tackle","Water Gun","Flamethrower",0,0
"Karrablast","Bug",50,75,45,40,45,60,82,"Thunderbolt","Tackle","Water Gun","Flamethrower",0,0
"Escavalier","Bug",70,135,105,60,105,20,82,"Thunderbolt","Tackle","Water Gun","Flamethrower",0,0
"Foongus","Grass",69,55,45,55,55,15,82,"Thunderbolt","Tackle","Water Gun","Flamethrower",0,0
"Amoonguss","Grass",114,85,70,85,80,30,82,"Thunderbolt","Tackle","Water Gun","Flamethrower",0,0
"Frillish","Water",55,40,50,65,85,40,82,"Thunderbolt","Tackle","Water Gun","Flamethrower",0,0
"Jellicent","Water",100,60,70,85,105,60,82,"Thunderbolt","Tackle","Water Gun","Flamethrower",0,0
"Alomomola","Water",165,75,80,40,45,65,82,"Thunderbolt","Tackle","Water Gun","Flamethrower",0,0
"Joltik","Bug",50,47,50,57,50,65,82,"Thunderbolt","Tackle","Water Gun","Flamethrower",0,0
"Galvantula","Bug",70,77,60,97,60,108,82,"Thunderbolt","Tackle","Water Gun","Flamethrower",0,0
"Ferroseed","Grass",44,50,91,24,86,10,82,"Thunderbolt","Tackle","Water Gun","Flamethrower",0,0
"Ferrothorn","Grass",74,94,131,54,116,20,82,"Thunderbolt","Tackle","Water Gun","Flamethrower",0,0
"Klink","Steel",40,55,70,45,60,30,82,"Thunderbolt","Tackle","Water Gun","Flamethrower",0,0
"Klang","Steel",60,80,95,70,85,50,82,"Thunderbolt","Tackle","Water Gun","Flamethrower",0,0
"Klinklang","Steel",60,100,115,70,85,90,82,"Thunderbolt","Tackle","Water Gun","Flamethrower",0,0
"Tynamo","Electric",35,55,40,45,40,60,82,"Thunderbolt","Tackle","Water Gun","Flamethrower",0,0
"Eelektrik","Electric",65,85,70,75,70,40,82,"Thunderbolt","Tackle","Water Gun","Flamethrower",0,0
"Eelektross","Electric",85,115,80,105,80,50,82,"Thunderbolt","Tackle","Water Gun","Flamethrower",0,0
"Elgyem","Psychic",55,55,55,85,55,30,82,"Thunderbolt","Tackle","Water Gun","Flamethrower",0,0
"Beheeyem","Psychic",75,75,75,125,95,40,82,"Thunderbolt","Tackle","Water Gun","Flamethrower",0,0
"Litwick","Ghost",50,30,55,65,55,20,82,"Thunderbolt","Tackle","Water Gun","Flamethrower",0,0
"Lampent","Ghost",60,40,60,95,60,55,82,"Thunderbolt","Tackle","Water Gun","Flamethrower",0,0
"Chandelure","Ghost",60,55,90,145,90,80,82,"Thunderbolt","Tackle","Water Gun","Flamethrower",0,0
"Axew","Dragon",46,87,60,30,40,57,82,"Thunderbolt","Tackle","Water Gun","Flamethrower",0,0
"Fraxure","Dragon",66,117,70,40,50,67,82,"Thunderbolt","Tackle","Water Gun","Flamethrower",0,0
"Haxorus","Dragon",76,147,90,60,70,97,82,"Thunderbolt","Tackle","Water Gun","Flamethrower",0,0
"Cubchoo","Ice",55,70,40,60,40,40,82,"Thunderbolt","Tackle","Water Gun","Flamethrower",0,0
"Beartic","Ice",95,110,80,70,80,50,82,"Thunderbolt","Tackle","Water Gun","Flamethrower",0,0
"Cryogonal","Ice",70,50,30,95,135,105,82,"Thunderbolt","Tackle","Water Gun","Flamethrower",0,0
"Shelmet","Bug",50,40,85,40,65,25,82,"Thunderbolt","Tackle","Water Gun","Flamethrower",0,0
"Accelgor","Bug",80,70,40,100,60,145,82,"Thunderbolt","Tackle","Water Gun","Flamethrower",0,0
"Stunfisk","Ground",109,66,84,81,99,32,82,"Thunderbolt","Tackle","Water Gun","Flamethrower",0,0
"Mienfoo","Fighting",45,85,50,55,50,65,82,"Thunderbolt","Tackle","Water Gun","Flamethrower",0,0
"Mienshao","Fighting",65,125,60,95,60,105,82,"Thunderbolt","Tackle","Water Gun","Flamethrower",0,0
"Druddigon","Dragon",77,120,90,60,90,48,82,"Thunderbolt","Tackle","Water Gun","Flamethrower",0,0
"Golett","Ground",59,74,50,35,50,35,82,"Thunderbolt","Tackle","Water Gun","Flamethrower",0,0
"Golurk","Ground",89,124,80,55,80,55,82,"Thunderbolt","Tackle","Water Gun","Flamethrower",0,0
"Pawniard","Dark",45,85,70,40,40,60,82,"Thunderbolt","Tackle","Water Gun","Flamethrower",0,0
"Bisharp","Dark",65,125,100,60,70,70,82,"Thunderbolt","Tackle","Water Gun","Flamethrower",0,0
"Bouffalant","Normal",95,110,95,40,95,55,82,"Thunderbolt","Tackle","Water Gun","Flamethrower",0,0
"Rufflet","Normal",70,83,50,37,50,60,82,"Thunderbolt","Tackle","Water Gun","Flamethrower",0,0
"Braviary","Normal",100,123,75,57,75,80,82,"Thunderbolt","Tackle","Water Gun","Flamethrower",0,0
"Vullaby","Dark",70,55,75,45,65,60,82,"Thunderbolt","Tackle","Water Gun","Flamethrower",0,0
"Mandibuzz","Dark",110,65,105,55,95,80,82,"Thunderbolt","Tackle","Water Gun","Flamethrower",0,0
"Heatmor","Fire",85,97,66,105,66,65,82,"Thunderbolt","Tackle","Water Gun","Flamethrower",0,0
"Durant","Bug",58,109,112,48,48,109,82,"Thunderbolt","Tackle","Water Gun","Flamethrower",0,0
"Deino","Dark",52,65,50,45,50,38,82,"Thunderbolt","Tackle","Water Gun","Flamethrower",0,0
"Zweilous","Dark",72,85,70,65,70,58,82,"Thunderbolt","Tackle","Water Gun","Flamethrower",0,0
"Hydreigon","Dark",92,105,90,125,90,98,82,"Thunderbolt","Tackle","Water Gun","Flamethrower",0,0
"Larvesta","Bug",55,85,55,50,55,60,82,"Thunderbolt","Tackle","Water Gun","Flamethrower",0,0
"Volcarona","Bug",85,60,65,135,105,100,82,"Thunderbolt","Tackle","Water Gun","Flamethrower",0,0
"Cobalion","Steel",91,90,129,90,72,108,82,"Thunderbolt","Tackle","Water Gun","Flamethrower",0,0
"Terrakion","Rock",91,129,90,72,90,108,82,"Thunderbolt","Tackle","Water Gun","Flamethrower",0,0
"Virizion","Grass",91,90,72,90,129,108,82,"Thunderbolt","Tackle","Water Gun","Flamethrower",0,0
"TornadusIncarnate Forme","Flying",79,115,70,125,80,111,82,"Thunderbolt","Tackle","Water Gun","Flamethrower",0,0
"TornadusTherian Forme","Flying",79,100,80,110,90,121,82,"Thunderbolt","Tackle","Water Gun","Flamethrower",0,0
"ThundurusIncarnate Forme","Electric",79,115,70,125,80,111,82,"Thunderbolt","Tackle","Water Gun","Flamethrower",0,0
"ThundurusTherian Forme","Electric",79,105,70,145,80,101,82,"Thunderbolt","Tackle","Water Gun","Flamethrower",0,0
"Reshiram","Dragon",100,120,100,150,120,90,82,"Thunderbolt","Tackle","Water Gun","Flamethrower",0,0
"Zekrom","Dragon",100,150,120,120,100,90,82,"Thunderbolt","Tackle","Water Gun","Flamethrower",0,0
"LandorusIncarnate Forme","Ground",89,125,90,115,80,101,82,"Thunderbolt","Tackle","Water Gun","Flamethrower",0,0
"LandorusTherian Forme","Ground",89,145,90,105,80,91,82,"Thunderbolt","Tackle","Water Gun","Flamethrower",0,0
"Kyurem","Dragon",125,130,90,130,90,95,82,"Thunderbolt","Tackle","Water Gun","Flamethrower",0,0
"KyuremBlack Kyurem","Dragon",125,170,100,120,90,95,82,"Thunderbolt","Tackle","Water Gun","Flamethrower",0,0
"KyuremWhite Kyurem","Dragon",125,120,90,170,100,95,82,"Thunderbolt","Tackle","Water Gun","Flamethrower",0,0
"KeldeoOrdinary Forme","Water",91,72,90,129,90,108,82,"Thunderbolt","Tackle","Water Gun","Flamethrower",0,0
"KeldeoResolute Forme","Water",91,72,90,129,90,108,82,"Thunderbolt","Tackle","Water Gun","Flamethrower",0,0
"MeloettaAria Forme","Normal",100,77,77,128,128,90,82,"Thunderbolt","Tackle","Water Gun","Flamethrower",0,0
"MeloettaPirouette Forme","Normal",100,128,90,77,77,128,82,"Thunderbolt","Tackle","Water Gun","Flamethrower",0,0
"Genesect","Bug",71,120,95,120,95,99,82,"Thunderbolt","Tackle","Water Gun","Flamethrower",0,0
"Chespin","Grass",56,61,65,48,45,38,82,"Thunderbolt","Tackle","Water Gun","Flamethrower",0,0
"Quilladin","Grass",61,78,95,56,58,57,82,"Thunderbolt","Tackle","Water Gun","Flamethrower",0,0
"Chesnaught","Grass",88,107,122,74,75,64,82,"Thunderbolt","Tackle","Water Gun","Flamethrower",0,0
"Fennekin","Fire",40,45,40,62,60,60,82,"Thunderbolt","Tackle","Water Gun","Flamethrower",0,0
"Braixen","Fire",59,59,58,90,70,73,82,"Thunderbolt","Tackle","Water Gun","Flamethrower",0,0
"Delphox","Fire",75,69,72,114,100,104,82,"Thunderbolt","Tackle","Water Gun","Flamethrower",0,0
"Froakie","Water",41,56,40,62,44,71,82,"Thunderbolt","Tackle","Water Gun","Flamethrower",0,0
"Frogadier","Water",54,63,52,83,56,97,82,"Thunderbolt","Tackle","Water Gun","Flamethrower",0,0
"Greninja","Water",72,95,67,103,71,122,82,"Thunderbolt","Tackle","Water Gun","Flamethrower",0,0
"Bunnelby","Normal",38,36,38,32,36,57,82,"Thunderbolt","Tackle","Water Gun","Flamethrower",0,0
"Diggersby","Normal",85,56,77,50,77,78,82,"Thunderbolt","Tackle","Water Gun","Flamethrower",0,0
"Fletchling","Normal",45,50,43,40,38,62,82,"Thunderbolt","Tackle","Water Gun","Flamethrower",0,0
"Fletchinder","Fire",62,73,55,56,52,84,82,"Thunderbolt","Tackle","Water Gun","Flamethrower",0,0
"Talonflame","Fire",78,81,71,74,69,126,82,"Thunderbolt","Tackle","Water Gun","Flamethrower",0,0
"Scatterbug","Bug",38,35,40,27,25,35,82,"Thunderbolt","Tackle","Water Gun","Flamethrower",0,0
"Spewpa","Bug",45,22,60,27,30,29,82,"Thunderbolt","Tackle","Water Gun","Flamethrower",0,0
"Vivillon","Bug",80,52,50,90,50,89,82,"Thunderbolt","Tackle","Water Gun","Flamethrower",0,0
"Litleo","Fire",62,50,58,73,54,72,82,"Thunderbolt","Tackle","Water Gun","Flamethrower",0,0
"Pyroar","Fire",86,68,72,109,66,106,82,"Thunderbolt","Tackle","Water Gun","Flamethrower",0,0
"Flabébé","Fairy",44,38,39,61,79,42,82,"Thunderbolt","Tackle","Water Gun","Flamethrower",0,0
"Floette","Fairy",54,45,47,75,98,52,82,"Thunderbolt","Tackle","Water Gun","Flamethrower",0,0
"Florges","Fairy",78,65,68,112,154,75,82,"Thunderbolt","Tackle","Water Gun","Flamethrower",0,0
"Skiddo","Grass",66,65,48,62,57,52,82,"Thunderbolt","Tackle","Water Gun","Flamethrower",0,0
"Gogoat","Grass",123,100,62,97,81,68,82,"Thunderbolt","Tackle","Water Gun","Flamethrower",0,0
"Pancham","Fighting",67,82,62,46,48,43,82,"Thunderbolt","Tackle","Water Gun","Flamethrower",0,0
"Pangoro","Fighting",95,124,78,69,71,58,82,"Thunderbolt","Tackle","Water Gun","Flamethrower",0,0
"Furfrou","Normal",75,80,60,65,90,102,82,"Thunderbolt","Tackle","Water Gun","Flamethrower",0,0
"Espurr","Psychic",62,48,54,63,60,68,82,"Thunderbolt","Tackle","Water Gun","Flamethrower",0,0
"MeowsticMale","Psychic",74,48,76,83,81,104,82,"Thunderbolt","Tackle","Water Gun","Flamethrower",0,0
"MeowsticFemale","Psychic",74,48,76,83,81,104,82,"Thunderbolt","Tackle","Water Gun","Flamethrower",0,0
"Honedge","Steel",45,80,100,35,37,28,82,"Thunderbolt","Tackle","Water Gun","Flamethrower",0,0
"Doublade","Steel",59,110,150,45,49,35,82,"Thunderbolt","Tackle","Water Gun","Flamethrower",0,0
"AegislashBlade Forme","Steel",60,150,50,150,50,60,82,"Thunderbolt","Tackle","Water Gun","Flamethrower",0,0
"AegislashShield Forme","Steel",60,50,150,50,150,60,82,"Thunderbolt","Tackle","Water Gun","Flamethrower",0,0
"Spritzee","Fairy",78,52,60,63,65,23,82,"Thunderbolt","Tackle","Water Gun","Flamethrower",0,0
"Aromatisse","Fairy",101,72,72,99,89,29,82,"Thunderbolt","Tackle","Water Gun","Flamethrower",0,0
"Swirlix","Fairy",62,48,66,59,57,49,82,"Thunderbolt","Tackle","Water Gun","Flamethrower",0,0
"Slurpuff","Fairy",82,80,86,85,75,72,82,"Thunderbolt","Tackle","Water Gun","Flamethrower",0,0
"Inkay","Dark",53,54,53,37,46,45,82,"Thunderbolt","Tackle","Water Gun","Flamethrower",0,0
"Malamar","Dark",86,92,88,68,75,73,82,"Thunderbolt","Tackle","Water Gun","Flamethrower",0,0
"Binacle","Rock",42,52,67,39,56,50,82,"Thunderbolt","Tackle","Water Gun","Flamethrower",0,0
"Barbaracle","Rock",72,105,115,54,86,68,82,"Thunderbolt","Tackle","Water Gun","Flamethrower",0,0
"Skrelp","Poison",50,60,60,60,60,30,82,"Thunderbolt","Tackle","Water Gun","Flamethrower",0,0
"Dragalge","Poison",65,75,90,97,123,44,82,"Thunderbolt","Tackle","Water Gun","Flamethrower",0,0
"Clauncher","Water",50,53,62,58,63,44,82,"Thunderbolt","Tackle","Water Gun","Flamethrower",0,0
"Clawitzer","Water",71,73,88,120,89,59,82,"Thunderbolt","Tackle","Water Gun","Flamethrower",0,0
"Helioptile","Electric",44,38,33,61,43,70,82,"Thunderbolt","Tackle","Water Gun","Flamethrower",0,0
"Heliolisk","Electric",62,55,52,109,94,109,82,"Thunderbolt","Tackle","Water Gun","Flamethrower",0,0
"Tyrunt","Rock",58,89,77,45,45,48,82,"Thunderbolt","Tackle","Water Gun","Flamethrower",0,0
"Tyrantrum","Rock",82,121,119,69,59,71,82,"Thunderbolt","Tackle","Water Gun","Flamethrower",0,0
"Amaura","Rock",77,59,50,67,63,46,82,"Thunderbolt","Tackle","Water Gun","Flamethrower",0,0
"Aurorus","Rock",123,77,72,99,92,58,82,"Thunderbolt","Tackle","Water Gun","Flamethrower",0,0
"Sylveon","Fairy",95,65,65,110,130,60,82,"Thunderbolt","Tackle","Water Gun","Flamethrower",0,0
"Hawlucha","Fighting",78,92,75,74,63,118,82,"Thunderbolt","Tackle","Water Gun","Flamethrower",0,0
"Dedenne","Electric",67,58,57,81,67,101,82,"Thunderbolt","Tackle","Water Gun","Flamethrower",0,0
"Carbink","Rock",50,50,150,50,150,50,82,"Thunderbolt","Tackle","Water Gun","Flamethrower",0,0
"Goomy","Dragon",45,50,35,55,75,40,82,"Thunderbolt","Tackle","Water Gun","Flamethrower",0,0
"Sliggoo","Dragon",68,75,53,83,113,60,82,"Thunderbolt","Tackle","Water Gun","Flamethrower",0,0
"Goodra","Dragon",90,100,70,110,150,80,82,"Thunderbolt","Tackle","Water Gun","Flamethrower",0,0
"Klefki","Steel",57,80,91,80,87,75,82,"Thunderbolt","Tackle","Water Gun","Flamethrower",0,0
"Phantump","Ghost",43,70,48,50,60,38,82,"Thunderbolt","Tackle","Water Gun","Flamethrower",0,0
"Trevenant","Ghost",85,110,76,65,82,56,82,"Thunderbolt","Tackle","Water Gun","Flamethrower",0,0
"PumpkabooAverage Size","Ghost",49,66,70,44,55,51,82,"Thunderbolt","Tackle","Water Gun","Flamethrower",0,0
"PumpkabooSmall Size","Ghost",44,66,70,44,55,56,82,"Thunderbolt","Tackle","Water Gun","Flamethrower",0,0
"PumpkabooLarge Size","Ghost",54,66,70,44,55,46,82,"Thunderbolt","Tackle","Water Gun","Flamethrower",0,0
"PumpkabooSuper Size","Ghost",59,66,70,44,55,41,82,"Thunderbolt","Tackle","Water Gun","Flamethrower",0,0
"GourgeistAverage Size","Ghost",65,90,122,58,75,84,82,"Thunderbolt","Tackle","Water Gun","Flamethrower",0,0
"GourgeistSmall Size","Ghost",55,85,122,58,75,99,82,"Thunderbolt","Tackle","Water Gun","Flamethrower",0,0
"GourgeistLarge Size","Ghost",75,95,122,58,75,69,82,"Thunderbolt","Tackle","Water Gun","Flamethrower",0,0
"GourgeistSuper Size","Ghost",85,100,122,58,75,54,82,"Thunderbolt","Tackle","Water Gun","Flamethrower",0,0
"Bergmite","Ice",55,69,85,32,35,28,82,"Thunderbolt","Tackle","Water Gun","Flamethrower",0,0
"Avalugg","Ice",95,117,184,44,46,28,82,"Thunderbolt","Tackle","Water Gun","Flamethrower",0,0
"Noibat","Flying",40,30,35,45,40,55,82,"Thunderbolt","Tackle","Water Gun","Flamethrower",0,0
"Noivern","Flying",85,70,80,97,80,123,82,"Thunderbolt","Tackle","Water Gun","Flamethrower",0,0
"Xerneas","Fairy",126,131,95,131,98,99,82,"Thunderbolt","Tackle","Water Gun","Flamethrower",0,0
"Yveltal","Dark",126,131,95,131,98,99,82,"Thunderbolt","Tackle","Water Gun","Flamethrower",0,0
"Zygarde50% Forme","Dragon",108,100,121,81,95,95,82,"Thunderbolt","Tackle","Water Gun","Flamethrower",0,0
"Diancie","Rock",50,100,150,100,150,50,82,"Thunderbolt","Tackle","Water Gun","Flamethrower",0,0
"DiancieMega Diancie","Rock",50,160,110,160,110,110,82,"Thunderbolt","Tackle","Water Gun","Flamethrower",0,0
"HoopaHoopa Confined","Psychic",80,110,60,150,130,70,82,"Thunderbolt","Tackle","Water Gun","Flamethrower",0,0
"HoopaHoopa Unbound","Psychic",80,160,60,170,130,80,82,"Thunderbolt","Tackle","Water Gun","Flamethrower",0,0
"Volcanion","Fire",80,110,120,130,90,70,82,"Thunderbolt","Tackle","Water Gun","Flamethrower",0,0
